init param,init param,isotope,a,err,rela,,,,,redchi,bins,,,,,,,,,,
1800,600,C10,6180.793369,53.38997485,70.4038273,C11,2598.265393,5.233082292,29.5961727,5.271,5,,1236.158674,519.6530785,,,,,,,
,,C10,12817.28007,107.8224307,71.62554922,C11,5077.563615,10.36960997,28.37445078,35.96,10,,1281.728007,507.7563615,,,,,,,
,,C10,12572.55173,136.4942504,62.82558627,C11,7439.281786,15.3984973,37.17441373,193.613,15,,838.1701155,495.9521191,,,,,,,
,,C10,19444.15053,189.081223,66.9632611,C11,9592.891889,19.56113107,33.0367389,229.578,20,,972.2075264,479.6445944,,,,,,,
,,C10,28662.00302,243.7602719,71.17930845,C11,11605.32136,22.6370411,28.82069155,228.568,25,,1146.480121,464.2128542,,,,,,,
,,C10,33826.39994,292.3373842,70.97469725,C11,13833.40172,26.34641985,29.02530275,322.599,30,,1127.546665,461.1133907,,,,,,,
,,C10,40958.43223,351.6783927,71.7169645,C11,16152.78618,30.79553796,28.2830355,344.284,35,,1170.240921,461.5081766,,,,,,,
,,C10,47689.55683,414.6964384,71.88342914,C11,18653.35057,35.43271899,28.11657086,233.728,40,,1192.238921,466.3337643,,,,,,,
,,C10,54297.89313,472.1787415,72.44146727,C11,20656.26666,39.25505716,27.55853273,208.945,45,,1206.619847,459.028148,,,,,,,
,,C10,62761.85032,547.6815344,73.0909735,C11,23106.27718,43.96629776,26.9090265,205.239,50,,1255.237006,462.1255437,,,,,,,
7000,3000,C10,6180.793636,53.38997375,70.40382771,C11,2598.265454,5.233082293,29.59617229,5.271,5,,,,,,,,,,
,,C10,12817.28128,107.8223708,71.6255501,C11,5077.563871,10.36960941,28.3744499,35.96,10,,,,,,,,,,
,,C10,12572.55346,136.4937728,62.82558807,C11,7439.282233,15.39849092,37.17441193,193.613,15,,,,,,,,,,
,,C10,19444.15333,189.0821796,66.9632628,C11,9592.892532,19.56114138,33.0367372,229.578,20,,,,,,,,,,
,,C10,28662.00691,243.760286,71.17930979,C11,11605.32217,22.63704142,28.82069021,228.568,25,,,,,,,,,,
,,C10,33826.40459,292.3327467,70.97469862,C11,13833.4027,26.3463914,29.02530138,322.599,30,,,,,,,,,,
,,C10,40958.43808,351.6782697,71.7169659,C11,16152.78737,30.79552469,28.2830341,344.284,35,,,,,,,,,,
,,C10,47689.56399,414.7029936,71.88343065,C11,18653.35198,35.43276033,28.11656935,233.728,40,,,,,,,,,,
,,C10,54297.9015,472.1763943,72.44146881,C11,20656.26825,39.25504669,27.55853119,208.945,45,,,,,,,,,,
,,C10,62761.86031,547.670179,73.09097508,C11,23106.279,43.96622877,26.90902492,205.239,50,,,,,,,,,,
1000,10000,C10,6180.793627,53.38997369,70.40382768,C11,2598.265454,5.233082172,29.59617232,5.271,5,,,,,,,,,,
,,C10,12817.28124,107.8224294,71.62554902,C11,5077.564126,10.3696099,28.37445098,35.96,10,,,,,,,,,,
,,C10,12572.55369,136.4944817,62.8255888,C11,7439.282141,15.39849934,37.1744112,193.613,15,,,,,,,,,,
,,C10,19443.78079,189.0818381,66.96283132,C11,9592.895836,19.56113612,33.03716868,229.578,20,,,,,,,,,,
,,C10,28662.00603,243.7596129,71.17930925,C11,11605.32212,22.63703698,28.82069075,228.568,25,,,,,,,,,,
,,C10,33826.40295,292.3349718,70.97469787,C11,13833.40254,26.34639797,29.02530213,322.599,30,,,,,,,,,,
,,C10,40958.43574,351.6764949,71.71696509,C11,16152.78709,30.79553428,28.28303491,344.284,35,,,,,,,,,,
,,C10,47689.56093,414.6931291,71.88342979,C11,18653.35158,35.43269751,28.11657021,233.728,40,,,,,,,,,,
,,C10,54297.8978,472.1666249,72.44146793,C11,20656.26775,39.25498095,27.55853207,208.945,45,,,,,,,,,,
,,C10,62761.85577,547.6703333,73.0909742,C11,23106.27838,43.96624842,26.9090258,205.239,50,,,,,,,,,,
7000,3000,1,1,C10,6150.381359,58.31403644,70.19100892,C11,2548.663062,38.55720651,29.08652672,N13,63.30484111,48.76603885,0.722464252,O15,9.26E-06,2.560439197,1.06E-07,5.339,5
,,,,C10,12316.62892,117.3724404,69.91536188,C11,4293.855797,73.30195025,24.37407864,N13,1005.999768,93.1493423,5.710559139,O15,6.00E-05,2.033870775,3.40E-07,35.25,10
,,,,C10,11080.28411,153.6521681,57.76097163,C11,5115.94917,110.9169187,26.66918935,N13,2986.761388,141.2092624,15.56983902,O15,4.35E-08,3.616748092,2.27E-10,192.146,15
,,,,C10,18608.85352,209.6708723,65.17258177,C11,8347.388819,136.7729652,29.23451893,N13,1596.951179,173.5480669,5.592898627,O15,0.000193659,2.930927607,6.78E-07,241.278,20
,,,,C10,25827.71835,374.5869046,66.57386121,C11,11222.53386,375.0926007,28.92734857,N13,81.40413324,467.9558225,0.209828348,O15,1663.927815,312.4925062,4.28896188,237.93,25
,,,,C10,25613.56241,382.5660784,58.94777537,C11,12954.10531,37.31053979,29.81294355,N13,3.10E-05,8.16304541,7.13E-08,O15,4883.611365,146.732355,11.23928102,303.325,30
,,,,C10,31347.59549,463.5248483,60.2750642,C11,15170.03699,43.60840729,29.16890241,N13,2.16E-06,15.82065223,4.16E-09,O15,5489.936328,172.4820438,10.55603339,328.058,35
,,,,C10,38744.85967,551.4676708,63.07601479,C11,17769.9146,50.43506778,28.9291381,N13,0.000112158,12.24501869,1.83E-07,O15,4910.887656,199.5156089,7.99484693,225.606,40
,,,,C10,43376.87018,634.0903259,63.08017628,C11,19631.38138,55.84563152,28.548648,N13,0.000579017,17.54134877,8.42E-07,O15,5756.410127,223.0646323,8.371174871,192.409,45
,,,,C10,50342.13402,743.1917501,64.06720881,C11,22005.79104,62.66846909,28.00536046,N13,0.016635828,38.18221303,2.12E-05,O15,6229.125974,252.0001732,7.92740956,189.803,50
7000,3000,1000,1000,C10,6150.432082,58.31404367,70.191112,C11,2548.666092,38.55724494,29.08636413,N13,63.31046962,48.7660917,0.722523589,O15,2.48E-05,2.558310197,2.83E-07,5.339,5
,,,,C10,12316.3607,117.3724967,69.91468454,C11,4293.787199,73.30197926,24.3739839,N13,1006.123676,93.14942395,5.711331548,O15,1.76E-06,2.034541968,1.00E-08,35.25,10
,,,,C10,11079.74003,153.6521307,57.75992099,C11,5115.844703,110.9179865,26.66946924,N13,2986.816861,141.2106141,15.57060955,O15,4.16E-05,3.622883909,2.17E-07,192.146,15
,,,,C10,18610.52411,209.6694547,65.17476801,C11,8347.100146,136.7720614,29.23186432,N13,1597.174783,173.5465854,5.593367245,O15,0.00012199,2.917598223,4.27E-07,241.278,20
,,,,C10,25827.663,374.5877807,66.57376105,C11,11222.62263,375.0934331,28.92759586,N13,81.28260666,468.0786003,0.209515233,O15,1663.991145,312.49298,4.289127856,237.93,25
,,,,C10,25613.32609,382.5576955,58.94833299,C11,12954.07253,37.31145917,29.81342519,N13,0.001537443,8.259217086,3.54E-06,O15,4883.067035,146.7307953,11.23823828,303.325,30
,,,,C10,31347.85154,463.5120565,60.27598939,C11,15170.0364,43.60802905,29.16911074,N13,0.000134604,16.13674098,2.59E-07,O15,5489.307257,172.4785823,10.55489961,328.058,35
,,,,C10,38744.11163,551.4826536,63.07653901,C11,17770.14321,50.43507425,28.93030926,N13,3.93E-05,12.30523845,6.40E-08,O15,4909.710733,199.5182566,7.99315167,225.606,40
,,,,C10,43375.1221,634.0936718,63.07951956,C11,19631.36513,55.84303785,28.54947769,N13,0.000238952,17.76078549,3.48E-07,O15,5756.119479,223.0630633,8.371002403,192.409,45
,,,,C10,50341.64039,743.1986961,64.06703355,C11,22005.56456,62.57835863,28.00527023,N13,0.000118801,40.23072812,1.51E-07,O15,6229.307057,251.9870563,7.927696061,189.803,50
10000,10000,10000,10000,C10,6150.243316,58.31406127,70.1903887,C11,2548.671868,38.55732332,29.08702305,N13,63.31482207,48.76620527,0.722587993,O15,2.29E-05,2.559359331,2.61E-07,5.339,5
,,,,C10,12316.39254,117.3724776,69.91476401,C11,4293.767291,73.30189873,24.37383559,N13,1006.13726,93.14927755,5.711400382,O15,2.94E-06,2.033267917,1.67E-08,35.25,10
,,,,C10,11080.65839,153.651677,57.76182318,C11,5116.112615,110.916996,26.6695337,N13,2986.588778,141.2093645,15.56864284,O15,5.31E-05,3.614770975,2.77E-07,192.146,15
,,,,C10,18609.45403,209.6700347,65.17286617,C11,8346.989914,136.771868,29.23230611,N13,1597.546559,173.546342,5.594827657,O15,1.99E-05,2.914925957,6.95E-08,241.278,20
,,,,C10,25827.76667,374.5914565,66.57382962,C11,11222.58471,375.0967807,28.9274118,N13,81.35114559,468.0151184,0.209691274,O15,1663.972619,312.4963316,4.289067307,237.93,25
,,,,C10,25612.54007,382.5651471,58.94682883,C11,12953.97263,37.355791,29.81334944,N13,0.001680132,8.512938668,3.87E-06,O15,4883.728119,146.7385905,11.23981787,303.325,30
,,,,C10,31347.89977,463.5272393,60.27616292,C11,15170.05558,43.60836658,29.16918672,N13,1.28E-07,16.16275597,2.45E-10,O15,5489.17027,172.4815677,10.55465036,328.058,35
,,,,C10,38742.75987,551.47143,63.07583999,C11,17770.24039,50.43474882,28.93115626,N13,8.00E-05,12.29684399,1.30E-07,O15,4909.502907,199.516614,7.993003618,225.606,40
,,,,C10,43374.17527,634.1392147,63.07864349,C11,19631.23352,55.84360729,28.549513,N13,0.000165608,17.80279806,2.41E-07,O15,5756.651971,223.071768,8.371843271,192.409,45
,,,,C10,50341.70967,743.2103083,64.06689535,C11,22005.6566,62.58758128,28.00528842,N13,7.49E-06,38.51422053,9.54E-09,O15,6229.423491,251.9904561,7.927816229,189.803,50
1,10000,C10,6180.794629,53.38997556,70.40384168,C11,2598.264129,5.233082243,29.59615832,5.271,5,,,,,,,,,,
,,C10,12817.28127,107.8224292,71.62555034,C11,5077.56381,10.36960988,28.37444966,35.96,10,,,,,,,,,,
,,C10,12572.55444,136.493534,62.82559106,C11,7439.281863,15.39848773,37.17440894,193.613,15,,,,,,,,,,
,,C10,19443.63571,189.0809317,66.96266222,C11,9592.897583,19.5611288,33.03733778,229.578,20,,,,,,,,,,
,,C10,28662.00319,243.7582815,71.17930757,C11,11605.32192,22.63702948,28.82069243,228.568,25,,,,,,,,,,
,,C10,33826.39805,292.335114,70.97469564,C11,13833.40203,26.34641236,29.02530436,322.599,30,,,,,,,,,,
,,C10,40958.42884,351.6803682,71.71696274,C11,16152.78624,30.79554342,28.28303726,344.284,35,,,,,,,,,,
,,C10,47689.55204,414.6932602,71.88342731,C11,18653.35038,35.4327068,28.11657269,233.728,40,,,,,,,,,,
,,C10,54297.88714,472.1715115,72.44146543,C11,20656.26628,39.25501657,27.55853457,208.945,45,,,,,,,,,,
,,C10,62761.84276,547.6778749,73.09097166,C11,23106.27656,43.96628727,26.90902834,205.239,50,,,,,,,,,,
,,,,C10,6059.946778,1.998522317,27.71389782,C11,2599.90958,1.860824302,11.89014212,C9,9360.842093,1.999999869,42.80985144,B8,3845.394934,1.99999469,17.58610862,5.246,5
,,,,C10,12701.2587,0,34.24686786,C11,5079.020617,0,13.69474885,C9,1000,0,2.696336534,B8,18307.0793,0,49.36204675,37.082,10
,,,,C10,6485.819403,0,0.067849031,C11,7533.665349,0,0.078810689,C9,1000,0,0.010461135,B8,9544172.86,0,99.84287914,142.412,15
,,,,C10,9183.429635,0,0.008614656,C11,9730.552465,0,0.009127893,C9,1000,0,0.000938065,B8,106582483.4,0,99.98131939,175.49,20
,,,,C10,26447.10462,0,0.014740373,C11,11625.89062,0,0.006479725,C9,1000,0,0.000557353,B8,179380428.9,0,99.97822255,243.89,25
,,,,C10,33826.40395,0,69.487124,C11,13833.40277,0,28.41695425,C9,1000,0,2.054227345,B8,20.29688124,0,0.041694408,349.482,30
,,,,C10,40958.4379,0,69.66487595,C11,16152.78737,0,27.4737511,C9,1000,0,1.700867502,B8,682.3020909,0,1.160505453,378.713,35
,,,,C10,47689.56398,0,70.81218972,C11,18653.35198,0,27.69756293,C9,1000,0,1.484857143,B8,3.63011608,0,0.005390204,261.226,40
,,,,C10,54297.90149,0,71.48430458,C11,20656.26825,0,27.19440219,C9,1000,0,1.316520576,B8,3.62520918,0,0.004772662,236.804,45
,,,,C10,62761.86075,0,72.24954247,C11,23106.27906,0,26.59924467,C9,1000,0,1.151169542,B8,0.037626894,0,4.33E-05,236.814,50
,,,,C10,6059.9465615172385,62.53705411162309,25.888094343351447,C11,2599.9095813789904,5.251802112802352,11.106814861098542,C9,10902.999992669933,1472205.4471763,46.57762070514529,B8,3845.381184433975,1036.3134416789778,16.427470090404704,5.246,5
,,,,C10,12701.258700112383,0.0,27.922612035647955,C11,5079.020616627392,0.0,11.165784868068963,C9,9400.0,0.0,20.665082046771346,B8,18307.079401338135,0.0,40.24652104951173,37.082,10
,,,,C10,6485.818862454053,0.0,0.06778945105030942,C11,7533.665335925858,0.0,0.07874148944793735,C9,9400.0,0.0,0.09824832505911242,B8,9544173.647129165,0.0,99.75522073444264,142.412,15
,,,,C10,9183.424941162775,0.0,0.008613968529275625,C11,9730.552561024675,0.0,0.00912716922827226,C9,9400.0,0.0,0.00881711395192593,B8,106582534.55243827,0.0,99.97344174829053,175.49,20
,,,,C10,26445.619541859294,0.0,0.01472898239059085,C11,11625.904473513492,0.0,0.006475089078326524,C9,9400.0,0.0,0.0052353636205196615,B8,179500706.62271968,0.0,99.97356056491057,243.89,25
,,,,C10,33826.404274339664,0.0,59.280930390428765,C11,13833.402738977164,0.0,24.24310246460804,C9,9400.0,0.0,16.473543600752947,B8,1.3829031645140941,0.0,0.0024235442102385277,349.482,30
,,,,C10,40958.43810251514,0.0,61.579332013064345,C11,16152.787410099654,0.0,24.285053457687685,C9,9400.0,0.0,14.132514513224557,B8,2.06192256818492,0.0,0.0031000160234062376,378.713,35
,,,,C10,47689.563811750355,0.0,59.564564333680245,C11,18653.351960328,0.0,23.29815360160573,C9,9400.0,0.0,11.740658961502966,B8,4320.73338783789,0.0,5.396623103211064,261.226,40
,,,,C10,54297.901905978084,0.0,61.92508597934393,C11,20656.268300451455,0.0,23.557838251886896,C9,9400.0,0.0,10.72041069310167,B8,3329.0377330636493,0.0,3.7966650756674984,236.804,45
,,,,C10,62761.86084093344,0.0,63.67291825552537,C11,23106.27906148571,0.0,23.44169210661434,C9,9400.0,0.0,9.536451334973464,B8,3301.020362961243,0.0,3.348938302886843,236.814,50
