1.313760000000000000e+05	8.711000000000000000e+03	4.000000000000000000e+01	2.303249156453945901e+01	2.269236498206976194e+01	5.922358299423712280e-01	6.760771798139650901e-01	0.000000000000000000e+00	1.000000000000000000e+00	0.000000000000000000e+00
1.313910000000000000e+05	8.704000000000000000e+03	3.300000000000000000e+01	2.234046371993355962e+01	2.707239009457587287e+01	8.124388922629663945e-01	5.138931528166301721e-01	0.000000000000000000e+00	1.000000000000000000e+00	0.000000000000000000e+00
1.314100000000000000e+05	8.688000000000000000e+03	4.400000000000000000e+01	2.324013074228475872e+01	2.256145435522137532e+01	5.742307313217640541e-01	7.958704757925980644e-01	0.000000000000000000e+00	1.000000000000000000e+00	0.000000000000000000e+00
1.314100000000000000e+05	8.725000000000000000e+03	4.700000000000000000e+01	2.292546581756012003e+01	2.400607022759934495e+01	7.989194432901819409e-01	7.470757632915615565e-01	0.000000000000000000e+00	1.000000000000000000e+00	0.000000000000000000e+00
1.314100000000000000e+05	8.828000000000000000e+03	4.300000000000000000e+01	2.317240625651716357e+01	2.499853733501831243e+01	8.474735747827694121e-01	6.143320052115530672e-01	0.000000000000000000e+00	1.000000000000000000e+00	0.000000000000000000e+00
1.315900000000000000e+05	8.718000000000000000e+03	3.800000000000000000e+01	2.564657605515517957e+01	2.394047374574946119e+01	5.749547567260027137e-01	6.731757288654935945e-01	0.000000000000000000e+00	1.000000000000000000e+00	0.000000000000000000e+00
1.316130000000000000e+05	8.703000000000000000e+03	3.900000000000000000e+01	2.461889668605803294e+01	2.333982070991124758e+01	5.790801840368376974e-01	1.101330549888509314e+00	0.000000000000000000e+00	1.000000000000000000e+00	0.000000000000000000e+00
1.316140000000000000e+05	8.823000000000000000e+03	3.800000000000000000e+01	2.561338432165476320e+01	2.627308588911250098e+01	9.204350211067471310e-01	6.557750596025685441e-01	0.000000000000000000e+00	1.000000000000000000e+00	0.000000000000000000e+00
1.316190000000000000e+05	8.725000000000000000e+03	3.200000000000000000e+01	2.430505571903202267e+01	2.403598403956696572e+01	6.177276317869202504e-01	6.544870035282907006e-01	0.000000000000000000e+00	1.000000000000000000e+00	0.000000000000000000e+00
1.316240000000000000e+05	8.686000000000000000e+03	3.000000000000000000e+01	2.463008954062880917e+01	2.295234674971894151e+01	6.189985904289432295e-01	5.712273211025347130e-01	0.000000000000000000e+00	1.000000000000000000e+00	0.000000000000000000e+00
1.316260000000000000e+05	8.598000000000000000e+03	3.700000000000000000e+01	2.387790517068530605e+01	2.197528906166619933e+01	6.091734109291382371e-01	7.445980677574174367e-01	0.000000000000000000e+00	1.000000000000000000e+00	0.000000000000000000e+00
1.316260000000000000e+05	8.723000000000000000e+03	3.600000000000000000e+01	2.385734745819077318e+01	2.547847753346806599e+01	7.676017312678763416e-01	6.302857037896536507e-01	0.000000000000000000e+00	1.000000000000000000e+00	0.000000000000000000e+00
1.316260000000000000e+05	8.812000000000000000e+03	4.000000000000000000e+01	2.380254425110224403e+01	2.826281968445792003e+01	6.103975795154287232e-01	9.251256720678036061e-01	0.000000000000000000e+00	1.000000000000000000e+00	0.000000000000000000e+00
1.316260000000000000e+05	8.828000000000000000e+03	3.700000000000000000e+01	2.394691443902395633e+01	2.523227520121407963e+01	7.017186485700445120e-01	7.341330324987072053e-01	0.000000000000000000e+00	1.000000000000000000e+00	0.000000000000000000e+00
1.316260000000000000e+05	8.831000000000000000e+03	4.100000000000000000e+01	2.389031344029934445e+01	2.388459105019419937e+01	6.703521679154605950e-01	7.783525301281679631e-01	0.000000000000000000e+00	1.000000000000000000e+00	0.000000000000000000e+00
1.316270000000000000e+05	8.577000000000000000e+03	4.000000000000000000e+01	2.547677616912750054e+01	2.422143780554289449e+01	8.689909242877854600e-01	5.441361269444574544e-01	0.000000000000000000e+00	1.000000000000000000e+00	0.000000000000000000e+00
1.316270000000000000e+05	8.579000000000000000e+03	3.100000000000000000e+01	2.551403652545720391e+01	2.471340630935025118e+01	7.358804299359854584e-01	7.617026625543477092e-01	0.000000000000000000e+00	1.000000000000000000e+00	0.000000000000000000e+00
1.316270000000000000e+05	8.583000000000000000e+03	4.200000000000000000e+01	2.550057938125793910e+01	2.477798256371021779e+01	5.957912589974831974e-01	8.931460284117388460e-01	0.000000000000000000e+00	1.000000000000000000e+00	0.000000000000000000e+00
1.316270000000000000e+05	8.585000000000000000e+03	3.800000000000000000e+01	2.554630256750922257e+01	2.372986026607147991e+01	6.182528131947950811e-01	8.339295795019308066e-01	0.000000000000000000e+00	1.000000000000000000e+00	0.000000000000000000e+00
1.316270000000000000e+05	8.683000000000000000e+03	5.100000000000000000e+01	2.552809568311080213e+01	2.303715674556362814e+01	7.931317991164552605e-01	7.100141539826159143e-01	0.000000000000000000e+00	1.000000000000000000e+00	0.000000000000000000e+00
1.316270000000000000e+05	8.688000000000000000e+03	3.600000000000000000e+01	2.552879255939242853e+01	2.234884893121930816e+01	5.509025249917983702e-01	6.595115929706849567e-01	0.000000000000000000e+00	1.000000000000000000e+00	0.000000000000000000e+00
1.316270000000000000e+05	8.700000000000000000e+03	4.800000000000000000e+01	2.536973732125662906e+01	2.057440435376853927e+01	6.508382739943380235e-01	8.284766245045118715e-01	0.000000000000000000e+00	1.000000000000000000e+00	0.000000000000000000e+00
1.316270000000000000e+05	8.703000000000000000e+03	4.100000000000000000e+01	2.563181253691166361e+01	2.377506130419143204e+01	6.183867753315335225e-01	9.515811279285654178e-01	0.000000000000000000e+00	1.000000000000000000e+00	0.000000000000000000e+00
1.316270000000000000e+05	8.704000000000000000e+03	4.900000000000000000e+01	2.554824373817352878e+01	2.717719397991755770e+01	7.831835409593781439e-01	8.233467791643208633e-01	0.000000000000000000e+00	1.000000000000000000e+00	0.000000000000000000e+00
1.316270000000000000e+05	8.720000000000000000e+03	4.400000000000000000e+01	2.542181882728245768e+01	2.559777993099010018e+01	7.476315059902330917e-01	8.404159036717079312e-01	0.000000000000000000e+00	1.000000000000000000e+00	0.000000000000000000e+00
1.316270000000000000e+05	8.721000000000000000e+03	3.900000000000000000e+01	2.541629303017643338e+01	2.550207075630860487e+01	5.587201768160529047e-01	7.184796750041834157e-01	0.000000000000000000e+00	1.000000000000000000e+00	0.000000000000000000e+00
1.316270000000000000e+05	8.722000000000000000e+03	4.300000000000000000e+01	2.537177362739952358e+01	2.508403362068414566e+01	7.972994583391675993e-01	1.029266231257665698e+00	0.000000000000000000e+00	1.000000000000000000e+00	0.000000000000000000e+00
1.316270000000000000e+05	8.729000000000000000e+03	3.600000000000000000e+01	2.561067977049665245e+01	2.350909586704901244e+01	6.489662861403839855e-01	6.948014702681811761e-01	0.000000000000000000e+00	1.000000000000000000e+00	0.000000000000000000e+00
1.316270000000000000e+05	8.812000000000000000e+03	3.500000000000000000e+01	2.546007221398448905e+01	2.792108493623993581e+01	7.775199967353191299e-01	5.492966807286580044e-01	0.000000000000000000e+00	1.000000000000000000e+00	0.000000000000000000e+00
1.316270000000000000e+05	8.813000000000000000e+03	3.100000000000000000e+01	2.558186292689813257e+01	2.604742011187873274e+01	7.757433515897690368e-01	5.867484680459771340e-01	0.000000000000000000e+00	1.000000000000000000e+00	0.000000000000000000e+00
1.316280000000000000e+05	8.686000000000000000e+03	6.300000000000000000e+01	2.531632815843536477e+01	2.284554600932805002e+01	9.776146244454104739e-01	6.815078400922074398e-01	0.000000000000000000e+00	1.000000000000000000e+00	0.000000000000000000e+00
1.316280000000000000e+05	8.695000000000000000e+03	5.200000000000000000e+01	2.528509521539647054e+01	2.163737296441470903e+01	8.144861569687105174e-01	8.147899490117369581e-01	0.000000000000000000e+00	1.000000000000000000e+00	0.000000000000000000e+00
1.316280000000000000e+05	8.703000000000000000e+03	3.800000000000000000e+01	2.522654518145380464e+01	2.376839629871638593e+01	9.915801808175439547e-01	9.226141540628535198e-01	0.000000000000000000e+00	1.000000000000000000e+00	0.000000000000000000e+00
1.316280000000000000e+05	8.712000000000000000e+03	4.700000000000000000e+01	2.524554740973682243e+01	2.427339149178154543e+01	9.026038892404740777e-01	7.433110824693572871e-01	0.000000000000000000e+00	1.000000000000000000e+00	0.000000000000000000e+00
1.316280000000000000e+05	8.720000000000000000e+03	4.300000000000000000e+01	2.547448738289003600e+01	2.566452454188476295e+01	8.480164140624308899e-01	7.548962918429255042e-01	0.000000000000000000e+00	1.000000000000000000e+00	0.000000000000000000e+00
1.316280000000000000e+05	8.721000000000000000e+03	4.100000000000000000e+01	2.536048522534888860e+01	2.547361472008838845e+01	9.449374757682432735e-01	6.995919505758454449e-01	0.000000000000000000e+00	1.000000000000000000e+00	0.000000000000000000e+00
1.316280000000000000e+05	8.722000000000000000e+03	3.900000000000000000e+01	2.526522001361268366e+01	2.521304976557526700e+01	9.395183865470323470e-01	7.543462869528364534e-01	0.000000000000000000e+00	1.000000000000000000e+00	0.000000000000000000e+00
1.316280000000000000e+05	8.724000000000000000e+03	4.100000000000000000e+01	2.548659743463352356e+01	2.510996070148343051e+01	8.940861292776145497e-01	9.187738482458503997e-01	0.000000000000000000e+00	1.000000000000000000e+00	0.000000000000000000e+00
1.316280000000000000e+05	8.725000000000000000e+03	5.200000000000000000e+01	2.525785900311840493e+01	2.400572711868834119e+01	7.192346006079588516e-01	6.776771950481059736e-01	0.000000000000000000e+00	1.000000000000000000e+00	0.000000000000000000e+00
1.316280000000000000e+05	8.807000000000000000e+03	3.800000000000000000e+01	2.533863112563443210e+01	2.372898202320999772e+01	5.558619752594814445e-01	8.712259489716243088e-01	0.000000000000000000e+00	1.000000000000000000e+00	0.000000000000000000e+00
1.316280000000000000e+05	8.817000000000000000e+03	4.300000000000000000e+01	2.532777215885628053e+01	2.373638533979245224e+01	8.144999604862135367e-01	8.314026458389146557e-01	0.000000000000000000e+00	1.000000000000000000e+00	0.000000000000000000e+00
1.316280000000000000e+05	8.819000000000000000e+03	3.700000000000000000e+01	2.532924977957470958e+01	2.476780870491185382e+01	8.794925616348480135e-01	6.120715475751081769e-01	0.000000000000000000e+00	1.000000000000000000e+00	0.000000000000000000e+00
1.316280000000000000e+05	8.823000000000000000e+03	3.900000000000000000e+01	2.531559528171127127e+01	2.644832026767899080e+01	9.273971956824054175e-01	6.848934244936254467e-01	0.000000000000000000e+00	1.000000000000000000e+00	0.000000000000000000e+00
1.316280000000000000e+05	8.828000000000000000e+03	3.700000000000000000e+01	2.525093915019362001e+01	2.518808833404648695e+01	8.550150983496632717e-01	1.034071129606723316e+00	0.000000000000000000e+00	1.000000000000000000e+00	0.000000000000000000e+00
1.316280000000000000e+05	8.829000000000000000e+03	3.100000000000000000e+01	2.523560078155241726e+01	2.555468424232445557e+01	9.765581927922594163e-01	6.719287284212540623e-01	0.000000000000000000e+00	1.000000000000000000e+00	0.000000000000000000e+00
1.316280000000000000e+05	8.831000000000000000e+03	3.700000000000000000e+01	2.528273445814917864e+01	2.364367917376888073e+01	8.415913305467408456e-01	6.113408482782435316e-01	0.000000000000000000e+00	1.000000000000000000e+00	0.000000000000000000e+00
1.316290000000000000e+05	8.700000000000000000e+03	3.900000000000000000e+01	2.325730725995892456e+01	2.061958157154372628e+01	5.416790924301720933e-01	9.253467274223879935e-01	0.000000000000000000e+00	1.000000000000000000e+00	0.000000000000000000e+00
1.316290000000000000e+05	8.712000000000000000e+03	3.700000000000000000e+01	2.324363681752476296e+01	2.421099284728323298e+01	8.514103000249994002e-01	6.522159158763981557e-01	0.000000000000000000e+00	1.000000000000000000e+00	0.000000000000000000e+00
1.316290000000000000e+05	8.814000000000000000e+03	3.600000000000000000e+01	2.352032353333430237e+01	2.386956220039356324e+01	6.198528661312436849e-01	5.222791400224161551e-01	0.000000000000000000e+00	1.000000000000000000e+00	0.000000000000000000e+00
1.316300000000000000e+05	8.579000000000000000e+03	4.400000000000000000e+01	2.358040093344603960e+01	2.480941353575013864e+01	8.089894472131520242e-01	6.840583958697432632e-01	0.000000000000000000e+00	1.000000000000000000e+00	0.000000000000000000e+00
1.316300000000000000e+05	8.685000000000000000e+03	4.500000000000000000e+01	2.369766775027438754e+01	2.429223830585126009e+01	7.789159303792826394e-01	7.114258247908288313e-01	0.000000000000000000e+00	1.000000000000000000e+00	0.000000000000000000e+00
1.316300000000000000e+05	8.700000000000000000e+03	5.200000000000000000e+01	2.351668389571495510e+01	2.062653005272474260e+01	7.076513078101885901e-01	8.068607911170945224e-01	0.000000000000000000e+00	1.000000000000000000e+00	0.000000000000000000e+00
1.316300000000000000e+05	8.703000000000000000e+03	4.600000000000000000e+01	2.345769650914108340e+01	2.365949722119049170e+01	9.033014358970912205e-01	9.108975581551164158e-01	0.000000000000000000e+00	1.000000000000000000e+00	0.000000000000000000e+00
1.316300000000000000e+05	8.704000000000000000e+03	4.200000000000000000e+01	2.363810766507170058e+01	2.704169277612662015e+01	8.028261034265391505e-01	7.140586116876326273e-01	0.000000000000000000e+00	1.000000000000000000e+00	0.000000000000000000e+00
1.316300000000000000e+05	8.720000000000000000e+03	4.400000000000000000e+01	2.363808234869000202e+01	2.554668480786247287e+01	9.879430101684721910e-01	5.457569083629187912e-01	0.000000000000000000e+00	1.000000000000000000e+00	0.000000000000000000e+00
1.316300000000000000e+05	8.724000000000000000e+03	3.700000000000000000e+01	2.363730281720668103e+01	2.479125894554759668e+01	7.157547200477691884e-01	5.805462725099397314e-01	0.000000000000000000e+00	1.000000000000000000e+00	0.000000000000000000e+00
1.316300000000000000e+05	8.725000000000000000e+03	4.300000000000000000e+01	2.377338455493164915e+01	2.427664843944207362e+01	7.046416852140388043e-01	8.550521786514845290e-01	0.000000000000000000e+00	1.000000000000000000e+00	0.000000000000000000e+00
1.316300000000000000e+05	8.730000000000000000e+03	3.100000000000000000e+01	2.383006301210940592e+01	2.393537875632891598e+01	6.530056748531812838e-01	6.443178536759364139e-01	0.000000000000000000e+00	1.000000000000000000e+00	0.000000000000000000e+00
1.316300000000000000e+05	8.812000000000000000e+03	3.800000000000000000e+01	2.358365183634739992e+01	2.837995973262437133e+01	8.933771451956640242e-01	5.876183376371746370e-01	0.000000000000000000e+00	1.000000000000000000e+00	0.000000000000000000e+00
1.316300000000000000e+05	8.823000000000000000e+03	4.300000000000000000e+01	2.358492723793688128e+01	2.658463990915517883e+01	1.025507241855509122e+00	7.641762948907026010e-01	0.000000000000000000e+00	1.000000000000000000e+00	0.000000000000000000e+00
1.316300000000000000e+05	8.824000000000000000e+03	5.200000000000000000e+01	2.375150369839920117e+01	2.418701271042801437e+01	8.335332477990397004e-01	5.419129889402788391e-01	0.000000000000000000e+00	1.000000000000000000e+00	0.000000000000000000e+00
1.316310000000000000e+05	8.718000000000000000e+03	2.700000000000000000e+01	2.529632616514054888e+01	2.449569495949184628e+01	5.517444825362691763e-01	5.215268967773346587e-01	0.000000000000000000e+00	1.000000000000000000e+00	0.000000000000000000e+00
1.316310000000000000e+05	8.720000000000000000e+03	3.700000000000000000e+01	2.534441630548220914e+01	2.580511608754970965e+01	5.896009706160737496e-01	7.769477055581526237e-01	0.000000000000000000e+00	1.000000000000000000e+00	0.000000000000000000e+00
1.316310000000000000e+05	8.812000000000000000e+03	3.600000000000000000e+01	2.490863908792261583e+01	2.808670271035523669e+01	8.061250890517516199e-01	8.457963141603191959e-01	0.000000000000000000e+00	1.000000000000000000e+00	0.000000000000000000e+00
1.316310000000000000e+05	8.814000000000000000e+03	3.100000000000000000e+01	2.523774839619305510e+01	2.393343534493131841e+01	5.794866926357151726e-01	7.009215717462776718e-01	0.000000000000000000e+00	1.000000000000000000e+00	0.000000000000000000e+00
1.316320000000000000e+05	8.579000000000000000e+03	5.300000000000000000e+01	1.946123008271777621e+01	2.481790877388638350e+01	7.457089177365702204e-01	5.379248043722602013e-01	0.000000000000000000e+00	1.000000000000000000e+00	0.000000000000000000e+00
1.316320000000000000e+05	8.703000000000000000e+03	5.400000000000000000e+01	1.922506210700120377e+01	2.377105709375060627e+01	6.829050383078301145e-01	8.717502995029683399e-01	0.000000000000000000e+00	1.000000000000000000e+00	0.000000000000000000e+00
1.316320000000000000e+05	8.724000000000000000e+03	4.800000000000000000e+01	1.940344847624077573e+01	2.538732262211635415e+01	6.432368694149668276e-01	7.148095106004196397e-01	0.000000000000000000e+00	1.000000000000000000e+00	0.000000000000000000e+00
1.316320000000000000e+05	8.823000000000000000e+03	4.700000000000000000e+01	1.922632918851991235e+01	2.620251960262156032e+01	6.554559027752056011e-01	5.780578427336067193e-01	0.000000000000000000e+00	1.000000000000000000e+00	0.000000000000000000e+00
1.316330000000000000e+05	8.576000000000000000e+03	5.000000000000000000e+01	2.370022002785440307e+01	2.242542567464596459e+01	6.820763621964999190e-01	7.982085695256568858e-01	0.000000000000000000e+00	1.000000000000000000e+00	0.000000000000000000e+00
1.316330000000000000e+05	8.585000000000000000e+03	3.800000000000000000e+01	2.348487829649093683e+01	2.385258733067310288e+01	5.659960629952476285e-01	8.993015668522024164e-01	0.000000000000000000e+00	1.000000000000000000e+00	0.000000000000000000e+00
1.316330000000000000e+05	8.592000000000000000e+03	5.100000000000000000e+01	2.367942714195314124e+01	1.954827985377337640e+01	7.456417267488352207e-01	9.749198982545288494e-01	0.000000000000000000e+00	1.000000000000000000e+00	0.000000000000000000e+00
1.316330000000000000e+05	8.678000000000000000e+03	4.000000000000000000e+01	2.390145625765617510e+01	2.417760209888895773e+01	6.687510367500442143e-01	6.719951764768973268e-01	0.000000000000000000e+00	1.000000000000000000e+00	0.000000000000000000e+00
1.316330000000000000e+05	8.686000000000000000e+03	5.600000000000000000e+01	2.390092833711887366e+01	2.291785087718439939e+01	5.423155648931335948e-01	8.821057726150210998e-01	0.000000000000000000e+00	1.000000000000000000e+00	0.000000000000000000e+00
1.316330000000000000e+05	8.709000000000000000e+03	3.800000000000000000e+01	2.378748192312701093e+01	2.545991619833952768e+01	7.827837082179284200e-01	7.006921976645448247e-01	0.000000000000000000e+00	1.000000000000000000e+00	0.000000000000000000e+00
1.316330000000000000e+05	8.720000000000000000e+03	6.100000000000000000e+01	2.371831169772517711e+01	2.577809697777490072e+01	9.050420144642751241e-01	6.997410786997417809e-01	0.000000000000000000e+00	1.000000000000000000e+00	0.000000000000000000e+00
1.316330000000000000e+05	8.723000000000000000e+03	3.900000000000000000e+01	2.375325243569604083e+01	2.544808102435399988e+01	5.618543565467739587e-01	8.341902665471280232e-01	0.000000000000000000e+00	1.000000000000000000e+00	0.000000000000000000e+00
1.316330000000000000e+05	8.724000000000000000e+03	4.200000000000000000e+01	2.379559737081824977e+01	2.489741279213230030e+01	6.853495500681372476e-01	8.574692886146010329e-01	0.000000000000000000e+00	1.000000000000000000e+00	0.000000000000000000e+00
1.316330000000000000e+05	8.725000000000000000e+03	4.800000000000000000e+01	2.374755370819427114e+01	2.404835581051539606e+01	8.076737799612405677e-01	6.040295777515959363e-01	0.000000000000000000e+00	1.000000000000000000e+00	0.000000000000000000e+00
1.316330000000000000e+05	8.728000000000000000e+03	3.900000000000000000e+01	2.390646663345319567e+01	2.535235244168952207e+01	6.999002258473302485e-01	6.436915133211167372e-01	0.000000000000000000e+00	1.000000000000000000e+00	0.000000000000000000e+00
1.316330000000000000e+05	8.814000000000000000e+03	4.400000000000000000e+01	2.361906794886602512e+01	2.394141198700330264e+01	6.817795896173890480e-01	7.106720080060799916e-01	0.000000000000000000e+00	1.000000000000000000e+00	0.000000000000000000e+00
1.316330000000000000e+05	8.823000000000000000e+03	5.000000000000000000e+01	2.365631142781238694e+01	2.635040574263761926e+01	6.629991646415708262e-01	5.776726346995483263e-01	0.000000000000000000e+00	1.000000000000000000e+00	0.000000000000000000e+00
1.316330000000000000e+05	8.828000000000000000e+03	5.600000000000000000e+01	2.357889668577174191e+01	2.526998003517054059e+01	8.253553235140581590e-01	7.879665603353462888e-01	0.000000000000000000e+00	1.000000000000000000e+00	0.000000000000000000e+00
1.316330000000000000e+05	8.831000000000000000e+03	4.600000000000000000e+01	2.385578667118958407e+01	2.403686064751743601e+01	8.472588547795293357e-01	7.119862395155253099e-01	0.000000000000000000e+00	1.000000000000000000e+00	0.000000000000000000e+00
1.316370000000000000e+05	8.704000000000000000e+03	3.200000000000000000e+01	2.636592919264847623e+01	2.708010669881740284e+01	7.038789019235468514e-01	7.255566126344675792e-01	0.000000000000000000e+00	1.000000000000000000e+00	0.000000000000000000e+00
1.316370000000000000e+05	8.724000000000000000e+03	3.600000000000000000e+01	2.662710045324670460e+01	2.498942116431880578e+01	6.619208216376571974e-01	7.180994211253627357e-01	0.000000000000000000e+00	1.000000000000000000e+00	0.000000000000000000e+00
1.316370000000000000e+05	8.725000000000000000e+03	4.300000000000000000e+01	2.632712445474296459e+01	2.409657162718232826e+01	7.866817239701585640e-01	8.624957757895780341e-01	0.000000000000000000e+00	1.000000000000000000e+00	0.000000000000000000e+00
1.316370000000000000e+05	8.781000000000000000e+03	3.200000000000000000e+01	2.643014720622424818e+01	2.614016286193172789e+01	5.706506730262906890e-01	6.351106907416682601e-01	0.000000000000000000e+00	1.000000000000000000e+00	0.000000000000000000e+00
1.316370000000000000e+05	8.824000000000000000e+03	3.700000000000000000e+01	2.691465079675415595e+01	2.427434902804920469e+01	6.148868677155567841e-01	9.975402752119978400e-01	0.000000000000000000e+00	1.000000000000000000e+00	0.000000000000000000e+00
1.316380000000000000e+05	8.718000000000000000e+03	3.300000000000000000e+01	2.561799385282251151e+01	2.369414770947080129e+01	5.527511128327289303e-01	8.960235780101819536e-01	0.000000000000000000e+00	1.000000000000000000e+00	0.000000000000000000e+00
1.316380000000000000e+05	8.721000000000000000e+03	3.700000000000000000e+01	2.563720601283151623e+01	2.550248733534608547e+01	7.367425438688801620e-01	7.235771369328042324e-01	0.000000000000000000e+00	1.000000000000000000e+00	0.000000000000000000e+00
1.316380000000000000e+05	8.722000000000000000e+03	2.900000000000000000e+01	2.559371638386601333e+01	2.503771958444067991e+01	5.914277548478624746e-01	7.118619247678684703e-01	0.000000000000000000e+00	1.000000000000000000e+00	0.000000000000000000e+00
1.316380000000000000e+05	8.724000000000000000e+03	3.500000000000000000e+01	2.555621431800751964e+01	2.533641760804685816e+01	1.007271269272182135e+00	8.414039390604515223e-01	0.000000000000000000e+00	1.000000000000000000e+00	0.000000000000000000e+00
1.316380000000000000e+05	8.800000000000000000e+03	2.900000000000000000e+01	2.559792354393941594e+01	2.468265353620740754e+01	5.604111174794945693e-01	5.686743084588207209e-01	0.000000000000000000e+00	1.000000000000000000e+00	0.000000000000000000e+00
1.316380000000000000e+05	8.812000000000000000e+03	4.500000000000000000e+01	2.565570023725942761e+01	2.814362087578504301e+01	6.513870699385182483e-01	1.032604114426985742e+00	0.000000000000000000e+00	1.000000000000000000e+00	0.000000000000000000e+00
1.316380000000000000e+05	8.815000000000000000e+03	3.400000000000000000e+01	2.571775570426238744e+01	2.626848168257316374e+01	6.570419334588041282e-01	8.048727073944050847e-01	0.000000000000000000e+00	1.000000000000000000e+00	0.000000000000000000e+00
1.316400000000000000e+05	8.828000000000000000e+03	5.200000000000000000e+01	1.991965382549400232e+01	2.507853231345584177e+01	8.446754338821543806e-01	5.933099407576034601e-01	0.000000000000000000e+00	1.000000000000000000e+00	0.000000000000000000e+00
1.316430000000000000e+05	8.711000000000000000e+03	3.900000000000000000e+01	2.719758193964440096e+01	2.235649105882406218e+01	6.208722021207809805e-01	8.378710318119273470e-01	0.000000000000000000e+00	1.000000000000000000e+00	0.000000000000000000e+00
1.316430000000000000e+05	8.810000000000000000e+03	1.700000000000000000e+01	2.724367529817130773e+01	2.782822065188687333e+01	5.917323611027963670e-01	5.420581330224999439e-01	0.000000000000000000e+00	1.000000000000000000e+00	0.000000000000000000e+00
1.316440000000000000e+05	8.688000000000000000e+03	5.500000000000000000e+01	2.092835354189848474e+01	2.259741904195744411e+01	8.974067099918277002e-01	6.571977500862529187e-01	0.000000000000000000e+00	1.000000000000000000e+00	0.000000000000000000e+00
1.316440000000000000e+05	8.703000000000000000e+03	5.000000000000000000e+01	2.127324700115435263e+01	2.367162198144981033e+01	7.136408701336671712e-01	9.724108494703596062e-01	0.000000000000000000e+00	1.000000000000000000e+00	0.000000000000000000e+00
1.316440000000000000e+05	8.718000000000000000e+03	5.000000000000000000e+01	2.098112244506879520e+01	2.393041823793531364e+01	9.102568276652363011e-01	5.491137447279185180e-01	0.000000000000000000e+00	1.000000000000000000e+00	0.000000000000000000e+00
1.316440000000000000e+05	8.720000000000000000e+03	4.700000000000000000e+01	2.100540707455522593e+01	2.545675382087049599e+01	6.927841498581048807e-01	7.260998421082591747e-01	0.000000000000000000e+00	1.000000000000000000e+00	0.000000000000000000e+00
1.316440000000000000e+05	8.824000000000000000e+03	4.500000000000000000e+01	2.104697013059935529e+01	2.407483779384072875e+01	9.705919599783616736e-01	5.977363451868599187e-01	0.000000000000000000e+00	1.000000000000000000e+00	0.000000000000000000e+00
1.316440000000000000e+05	8.831000000000000000e+03	4.600000000000000000e+01	2.119522973137417665e+01	2.379050173067673057e+01	6.721698929906364528e-01	5.446988608745730875e-01	0.000000000000000000e+00	1.000000000000000000e+00	0.000000000000000000e+00
1.316470000000000000e+05	8.579000000000000000e+03	4.900000000000000000e+01	2.575601521680510331e+01	2.493670303106245001e+01	7.650307019861833924e-01	8.485368683734969553e-01	0.000000000000000000e+00	1.000000000000000000e+00	0.000000000000000000e+00
1.316470000000000000e+05	8.583000000000000000e+03	5.100000000000000000e+01	2.568009266151471337e+01	2.480478050782089738e+01	8.837907166187103369e-01	7.822042943257124792e-01	0.000000000000000000e+00	1.000000000000000000e+00	0.000000000000000000e+00
1.316470000000000000e+05	8.591000000000000000e+03	4.300000000000000000e+01	2.562748165914952025e+01	2.126129412417100184e+01	5.809509826869231341e-01	6.098583717959696893e-01	0.000000000000000000e+00	1.000000000000000000e+00	0.000000000000000000e+00
1.316470000000000000e+05	8.593000000000000000e+03	3.500000000000000000e+01	2.572025340237806290e+01	2.408242825780532570e+01	7.340553125156329406e-01	7.556640542189393406e-01	0.000000000000000000e+00	1.000000000000000000e+00	0.000000000000000000e+00
1.316470000000000000e+05	8.594000000000000000e+03	4.300000000000000000e+01	2.568819224189686423e+01	2.131876882794280448e+01	6.504724425832896229e-01	8.323132122364883534e-01	0.000000000000000000e+00	1.000000000000000000e+00	0.000000000000000000e+00
1.316470000000000000e+05	8.688000000000000000e+03	4.200000000000000000e+01	2.556648740952255494e+01	2.261875957376059887e+01	6.982177800033630977e-01	8.011431345039115026e-01	0.000000000000000000e+00	1.000000000000000000e+00	0.000000000000000000e+00
1.316470000000000000e+05	8.689000000000000000e+03	4.700000000000000000e+01	2.568207203745270562e+01	2.254721810815270189e+01	6.971635829149883667e-01	9.717885211170993465e-01	0.000000000000000000e+00	1.000000000000000000e+00	0.000000000000000000e+00
1.316470000000000000e+05	8.691000000000000000e+03	3.600000000000000000e+01	2.558225706148888889e+01	2.085882546256000225e+01	6.199486969177908646e-01	5.670348951982361330e-01	0.000000000000000000e+00	1.000000000000000000e+00	0.000000000000000000e+00
1.316470000000000000e+05	8.704000000000000000e+03	2.800000000000000000e+01	2.574646235118382975e+01	2.692681966812937233e+01	6.512110546807909905e-01	8.047531807722871910e-01	0.000000000000000000e+00	1.000000000000000000e+00	0.000000000000000000e+00
1.316470000000000000e+05	8.705000000000000000e+03	3.200000000000000000e+01	2.551544362094425722e+01	2.412084268860085245e+01	5.758165944081494736e-01	7.002327143382677255e-01	0.000000000000000000e+00	1.000000000000000000e+00	0.000000000000000000e+00
1.316470000000000000e+05	8.707000000000000000e+03	4.200000000000000000e+01	2.584483071918938535e+01	2.321749125324310015e+01	7.055691073372248878e-01	6.204598260473686011e-01	0.000000000000000000e+00	1.000000000000000000e+00	0.000000000000000000e+00
1.316470000000000000e+05	8.711000000000000000e+03	4.900000000000000000e+01	2.531012875650898053e+01	2.268942194340796448e+01	7.461840119734340915e-01	6.685967179896675772e-01	0.000000000000000000e+00	1.000000000000000000e+00	0.000000000000000000e+00
1.316470000000000000e+05	8.720000000000000000e+03	4.200000000000000000e+01	2.556644466858135090e+01	2.556232978829982727e+01	5.157819885734232779e-01	9.022498127673022061e-01	0.000000000000000000e+00	1.000000000000000000e+00	0.000000000000000000e+00
1.316470000000000000e+05	8.722000000000000000e+03	5.800000000000000000e+01	2.568284185084711879e+01	2.497697890792731101e+01	7.292993838681472996e-01	9.530498186220719425e-01	0.000000000000000000e+00	1.000000000000000000e+00	0.000000000000000000e+00
1.316470000000000000e+05	8.724000000000000000e+03	5.300000000000000000e+01	2.566549224678646723e+01	2.517669425851756415e+01	7.949206473485193047e-01	8.246979065966737465e-01	0.000000000000000000e+00	1.000000000000000000e+00	0.000000000000000000e+00
1.316470000000000000e+05	8.725000000000000000e+03	5.100000000000000000e+01	2.567858919049659505e+01	2.416280147452902938e+01	6.451780865855112346e-01	6.410352190120651716e-01	0.000000000000000000e+00	1.000000000000000000e+00	0.000000000000000000e+00
1.316470000000000000e+05	8.744000000000000000e+03	3.500000000000000000e+01	2.572427133127203902e+01	2.503096781286481232e+01	5.605218127777306103e-01	5.606672950629436603e-01	0.000000000000000000e+00	1.000000000000000000e+00	0.000000000000000000e+00
1.316470000000000000e+05	8.777000000000000000e+03	2.900000000000000000e+01	2.574480750024944697e+01	2.563318656159412612e+01	5.970880283547956857e-01	5.900434578753424031e-01	0.000000000000000000e+00	1.000000000000000000e+00	0.000000000000000000e+00
1.316470000000000000e+05	8.811000000000000000e+03	3.200000000000000000e+01	2.541739281588216670e+01	2.709313296394924464e+01	6.782304505828355978e-01	5.155651077531460125e-01	0.000000000000000000e+00	1.000000000000000000e+00	0.000000000000000000e+00
1.316470000000000000e+05	8.813000000000000000e+03	2.900000000000000000e+01	2.556327108028376216e+01	2.590419296425255880e+01	6.301350280155506578e-01	6.955906846685722122e-01	0.000000000000000000e+00	1.000000000000000000e+00	0.000000000000000000e+00
1.316470000000000000e+05	8.814000000000000000e+03	4.300000000000000000e+01	2.558968245044388112e+01	2.405587303768487573e+01	7.648667522097470917e-01	8.407003284311284075e-01	0.000000000000000000e+00	1.000000000000000000e+00	0.000000000000000000e+00
1.316470000000000000e+05	8.816000000000000000e+03	3.800000000000000000e+01	2.558755556445744261e+01	2.541979374902163968e+01	8.632306689458278948e-01	7.993039856389060338e-01	0.000000000000000000e+00	1.000000000000000000e+00	0.000000000000000000e+00
1.316470000000000000e+05	8.817000000000000000e+03	3.600000000000000000e+01	2.586479009793520945e+01	2.387283916943754392e+01	5.929358616255919756e-01	7.133840186564592845e-01	0.000000000000000000e+00	1.000000000000000000e+00	0.000000000000000000e+00
1.316470000000000000e+05	8.823000000000000000e+03	3.100000000000000000e+01	2.565055837101802894e+01	2.619725956799692312e+01	7.152973224947596353e-01	8.249737332615836305e-01	0.000000000000000000e+00	1.000000000000000000e+00	0.000000000000000000e+00
1.316470000000000000e+05	8.828000000000000000e+03	3.800000000000000000e+01	2.574349571928237879e+01	2.488036376600741306e+01	7.044887816720102336e-01	9.841573278020281368e-01	0.000000000000000000e+00	1.000000000000000000e+00	0.000000000000000000e+00
1.316480000000000000e+05	8.817000000000000000e+03	4.100000000000000000e+01	2.455666835740435516e+01	2.387451039878836312e+01	8.907005069632761840e-01	6.537701354464862114e-01	0.000000000000000000e+00	1.000000000000000000e+00	0.000000000000000000e+00
1.316480000000000000e+05	8.828000000000000000e+03	3.600000000000000000e+01	2.421403926938807771e+01	2.500943805530406294e+01	7.955792903740548372e-01	6.417592584955792434e-01	0.000000000000000000e+00	1.000000000000000000e+00	0.000000000000000000e+00
1.316480000000000000e+05	8.831000000000000000e+03	4.700000000000000000e+01	2.425642239993693039e+01	2.399098044936586049e+01	7.845502830869268696e-01	7.065025881643091088e-01	0.000000000000000000e+00	1.000000000000000000e+00	0.000000000000000000e+00
1.316490000000000000e+05	8.577000000000000000e+03	3.000000000000000000e+01	2.635387342907369046e+01	2.416998334909798274e+01	6.253975129947563216e-01	6.225498377377503001e-01	0.000000000000000000e+00	1.000000000000000000e+00	0.000000000000000000e+00
1.316490000000000000e+05	8.579000000000000000e+03	3.100000000000000000e+01	2.634548389649635780e+01	2.495758613793346470e+01	5.457671082559497622e-01	7.917437232332449337e-01	0.000000000000000000e+00	1.000000000000000000e+00	0.000000000000000000e+00
1.316490000000000000e+05	8.703000000000000000e+03	4.300000000000000000e+01	2.610847111113494989e+01	2.363051753103946950e+01	8.136432400276230048e-01	8.919077920036004858e-01	0.000000000000000000e+00	1.000000000000000000e+00	0.000000000000000000e+00
1.316490000000000000e+05	8.707000000000000000e+03	3.200000000000000000e+01	2.626070133044444788e+01	2.311597850894738571e+01	5.724321820075272127e-01	8.784463078353500487e-01	0.000000000000000000e+00	1.000000000000000000e+00	0.000000000000000000e+00
1.316490000000000000e+05	8.724000000000000000e+03	3.700000000000000000e+01	2.647724307220942208e+01	2.524531590751489674e+01	5.234941680809257480e-01	7.878133271653673386e-01	0.000000000000000000e+00	1.000000000000000000e+00	0.000000000000000000e+00
1.316490000000000000e+05	8.814000000000000000e+03	3.200000000000000000e+01	2.609989887215252580e+01	2.394182972139239496e+01	5.486886584126118294e-01	7.288877361118207832e-01	0.000000000000000000e+00	1.000000000000000000e+00	0.000000000000000000e+00
1.316490000000000000e+05	8.816000000000000000e+03	4.000000000000000000e+01	2.629070166047432622e+01	2.527558494325048244e+01	8.688796385918079457e-01	8.922510264980773043e-01	0.000000000000000000e+00	1.000000000000000000e+00	0.000000000000000000e+00
1.316500000000000000e+05	8.824000000000000000e+03	2.900000000000000000e+01	2.832082888433125589e+01	2.419934126259085971e+01	5.285885395754494898e-01	8.591931262301676364e-01	0.000000000000000000e+00	1.000000000000000000e+00	0.000000000000000000e+00
1.316510000000000000e+05	8.579000000000000000e+03	5.600000000000000000e+01	2.372617169840770757e+01	2.484584284983852953e+01	7.436980078825085050e-01	7.739399409838264576e-01	0.000000000000000000e+00	1.000000000000000000e+00	0.000000000000000000e+00
1.316510000000000000e+05	8.701000000000000000e+03	4.200000000000000000e+01	2.374692271199954519e+01	2.334776660261058723e+01	5.823518740941590055e-01	6.757999800693476056e-01	0.000000000000000000e+00	1.000000000000000000e+00	0.000000000000000000e+00
1.316510000000000000e+05	8.823000000000000000e+03	4.000000000000000000e+01	2.395488161153494389e+01	2.662488032955289796e+01	8.493594340763969130e-01	5.983783599375447348e-01	0.000000000000000000e+00	1.000000000000000000e+00	0.000000000000000000e+00
1.316510000000000000e+05	8.828000000000000000e+03	3.200000000000000000e+01	2.381269070604652427e+01	2.533419842377310616e+01	6.457525987146489621e-01	6.105265742607034474e-01	0.000000000000000000e+00	1.000000000000000000e+00	0.000000000000000000e+00
1.316510000000000000e+05	8.831000000000000000e+03	4.500000000000000000e+01	2.400151652121343560e+01	2.386052897079057900e+01	6.502175505655254373e-01	6.525195152302640800e-01	0.000000000000000000e+00	1.000000000000000000e+00	0.000000000000000000e+00
1.316530000000000000e+05	8.583000000000000000e+03	5.700000000000000000e+01	2.197341606848999618e+01	2.455008247282481904e+01	7.685232244623432241e-01	8.209892673010857900e-01	0.000000000000000000e+00	1.000000000000000000e+00	0.000000000000000000e+00
1.316530000000000000e+05	8.703000000000000000e+03	5.800000000000000000e+01	2.200154771312403312e+01	2.370212757851010466e+01	6.925985484423751171e-01	7.426837296401130883e-01	0.000000000000000000e+00	1.000000000000000000e+00	0.000000000000000000e+00
1.316530000000000000e+05	8.722000000000000000e+03	6.400000000000000000e+01	2.194072069680519377e+01	2.539130548217243444e+01	8.750243660467519335e-01	9.160345067307766875e-01	0.000000000000000000e+00	1.000000000000000000e+00	0.000000000000000000e+00
1.316530000000000000e+05	8.817000000000000000e+03	5.100000000000000000e+01	2.199883606407237835e+01	2.377595567696225487e+01	8.826072227382825153e-01	8.603376270083483712e-01	0.000000000000000000e+00	1.000000000000000000e+00	0.000000000000000000e+00
1.316530000000000000e+05	8.824000000000000000e+03	5.000000000000000000e+01	2.218082412090672406e+01	2.446634022062884029e+01	8.897821916017075727e-01	9.374338786023488357e-01	0.000000000000000000e+00	1.000000000000000000e+00	0.000000000000000000e+00
1.316540000000000000e+05	8.720000000000000000e+03	2.900000000000000000e+01	2.696120310893922678e+01	2.582816429096220645e+01	6.252144591190443856e-01	6.461188167921659842e-01	0.000000000000000000e+00	1.000000000000000000e+00	0.000000000000000000e+00
1.316550000000000000e+05	8.577000000000000000e+03	3.900000000000000000e+01	2.862726487897598560e+01	2.407742802921667291e+01	7.369324559749279580e-01	5.952579984236312516e-01	0.000000000000000000e+00	1.000000000000000000e+00	0.000000000000000000e+00
1.316550000000000000e+05	8.579000000000000000e+03	4.400000000000000000e+01	2.817670012537304913e+01	2.476687165156700132e+01	7.099918102928580721e-01	1.064860718738240619e+00	0.000000000000000000e+00	1.000000000000000000e+00	0.000000000000000000e+00
1.316550000000000000e+05	8.583000000000000000e+03	5.200000000000000000e+01	2.829033895031723844e+01	2.425750773507885683e+01	8.752526537890712444e-01	1.221633725474675858e+00	0.000000000000000000e+00	1.000000000000000000e+00	0.000000000000000000e+00
1.316550000000000000e+05	8.592000000000000000e+03	5.900000000000000000e+01	2.827638976634616697e+01	1.950516792636488006e+01	6.568023196050905010e-01	8.345262898460984458e-01	0.000000000000000000e+00	1.000000000000000000e+00	0.000000000000000000e+00
1.316550000000000000e+05	8.593000000000000000e+03	3.600000000000000000e+01	2.850181871769893149e+01	2.404194909176098705e+01	6.428283479314789162e-01	6.738577836850963010e-01	0.000000000000000000e+00	1.000000000000000000e+00	0.000000000000000000e+00
1.316550000000000000e+05	8.597000000000000000e+03	5.200000000000000000e+01	2.816679535291293135e+01	2.223161973711131267e+01	7.095817590263705510e-01	8.216935068981088275e-01	0.000000000000000000e+00	1.000000000000000000e+00	0.000000000000000000e+00
1.316550000000000000e+05	8.600000000000000000e+03	3.600000000000000000e+01	2.832550154816448185e+01	2.378289613901849719e+01	8.136149839281753282e-01	8.255214092305999118e-01	0.000000000000000000e+00	1.000000000000000000e+00	0.000000000000000000e+00
1.316550000000000000e+05	8.689000000000000000e+03	6.400000000000000000e+01	2.858578777179850405e+01	2.216143989091093047e+01	8.398743340523570078e-01	1.042910338280540250e+00	0.000000000000000000e+00	1.000000000000000000e+00	0.000000000000000000e+00
1.316550000000000000e+05	8.701000000000000000e+03	3.400000000000000000e+01	2.806942254954594418e+01	2.317206358637638175e+01	6.508013643175875051e-01	6.981625809780857006e-01	0.000000000000000000e+00	1.000000000000000000e+00	0.000000000000000000e+00
1.316550000000000000e+05	8.703000000000000000e+03	4.500000000000000000e+01	2.798155163392942768e+01	2.399047818160606127e+01	7.794385958497382916e-01	6.671640030625188844e-01	0.000000000000000000e+00	1.000000000000000000e+00	0.000000000000000000e+00
1.316550000000000000e+05	8.704000000000000000e+03	4.900000000000000000e+01	2.835144228554502632e+01	2.677065805013436517e+01	7.547786980830419878e-01	9.628938177263692832e-01	0.000000000000000000e+00	1.000000000000000000e+00	0.000000000000000000e+00
1.316550000000000000e+05	8.706000000000000000e+03	4.000000000000000000e+01	2.826855034242935361e+01	2.469136218277472850e+01	7.031119342640889114e-01	8.546796452553055978e-01	0.000000000000000000e+00	1.000000000000000000e+00	0.000000000000000000e+00
1.316550000000000000e+05	8.714000000000000000e+03	4.200000000000000000e+01	2.837041817234421259e+01	2.329416767556716295e+01	7.360347206422495070e-01	9.310693624448197481e-01	0.000000000000000000e+00	1.000000000000000000e+00	0.000000000000000000e+00
1.316550000000000000e+05	8.719000000000000000e+03	2.600000000000000000e+01	2.843786407798389604e+01	2.470982874811182128e+01	5.535784708368154394e-01	7.824410721178290951e-01	0.000000000000000000e+00	1.000000000000000000e+00	0.000000000000000000e+00
1.316550000000000000e+05	8.720000000000000000e+03	3.700000000000000000e+01	2.821555768906031858e+01	2.577706955574466363e+01	9.630086146741546616e-01	7.330952032248150285e-01	0.000000000000000000e+00	1.000000000000000000e+00	0.000000000000000000e+00
1.316550000000000000e+05	8.722000000000000000e+03	4.800000000000000000e+01	2.834110526537697794e+01	2.526072778478836511e+01	7.430661979740603718e-01	9.032051004798662408e-01	0.000000000000000000e+00	1.000000000000000000e+00	0.000000000000000000e+00
1.316550000000000000e+05	8.723000000000000000e+03	4.100000000000000000e+01	2.808107374942314038e+01	2.530840406973917922e+01	9.401532518091222368e-01	7.789898550873624039e-01	0.000000000000000000e+00	1.000000000000000000e+00	0.000000000000000000e+00
1.316550000000000000e+05	8.725000000000000000e+03	5.300000000000000000e+01	2.834366508137665619e+01	2.402744098333655742e+01	7.932699257183755126e-01	8.151425872549021845e-01	0.000000000000000000e+00	1.000000000000000000e+00	0.000000000000000000e+00
1.316550000000000000e+05	8.726000000000000000e+03	4.500000000000000000e+01	2.829090933399682939e+01	2.416024236488051002e+01	8.674138502430448483e-01	7.241138722151055918e-01	0.000000000000000000e+00	1.000000000000000000e+00	0.000000000000000000e+00
1.316550000000000000e+05	8.727000000000000000e+03	4.000000000000000000e+01	2.814250519818358853e+01	2.740257626789280465e+01	7.617570301955307599e-01	7.872759756508993512e-01	0.000000000000000000e+00	1.000000000000000000e+00	0.000000000000000000e+00
1.316550000000000000e+05	8.761000000000000000e+03	3.000000000000000000e+01	2.784323168067860976e+01	2.474417762451444958e+01	5.775238370562832957e-01	7.039851369110841084e-01	0.000000000000000000e+00	1.000000000000000000e+00	0.000000000000000000e+00
1.316550000000000000e+05	8.803000000000000000e+03	4.300000000000000000e+01	2.816889237445874272e+01	2.472794779089423756e+01	8.257977624627418356e-01	6.167964126548504122e-01	0.000000000000000000e+00	1.000000000000000000e+00	0.000000000000000000e+00
1.316550000000000000e+05	8.806000000000000000e+03	3.600000000000000000e+01	2.828758247027551676e+01	2.820571475770545078e+01	9.495528611305908973e-01	9.590782631918594037e-01	0.000000000000000000e+00	1.000000000000000000e+00	0.000000000000000000e+00
1.316550000000000000e+05	8.810000000000000000e+03	4.700000000000000000e+01	2.805493328733844649e+01	2.734798571375832665e+01	7.922024895207379069e-01	1.048157557369521209e+00	0.000000000000000000e+00	1.000000000000000000e+00	0.000000000000000000e+00
1.316550000000000000e+05	8.811000000000000000e+03	4.700000000000000000e+01	2.825920524927802902e+01	2.659608914133325897e+01	9.640921794634216280e-01	9.712206619298624499e-01	0.000000000000000000e+00	1.000000000000000000e+00	0.000000000000000000e+00
1.316550000000000000e+05	8.812000000000000000e+03	5.000000000000000000e+01	2.822602579550612489e+01	2.842663735895774479e+01	7.770961858497080765e-01	9.515761773634935361e-01	0.000000000000000000e+00	1.000000000000000000e+00	0.000000000000000000e+00
1.316550000000000000e+05	8.814000000000000000e+03	4.600000000000000000e+01	2.819783588922795659e+01	2.390521917403717467e+01	6.878396949682985539e-01	8.808555765880645705e-01	0.000000000000000000e+00	1.000000000000000000e+00	0.000000000000000000e+00
1.316550000000000000e+05	8.815000000000000000e+03	4.400000000000000000e+01	2.814235200771188161e+01	2.630639210600135414e+01	8.584057134334697192e-01	8.236138288972392196e-01	0.000000000000000000e+00	1.000000000000000000e+00	0.000000000000000000e+00
1.316550000000000000e+05	8.816000000000000000e+03	4.800000000000000000e+01	2.818353590002107367e+01	2.536985756139286252e+01	8.717195181850825314e-01	8.587850553480862459e-01	0.000000000000000000e+00	1.000000000000000000e+00	0.000000000000000000e+00
1.316550000000000000e+05	8.817000000000000000e+03	4.700000000000000000e+01	2.831767153671259507e+01	2.377409683765007742e+01	7.414514647493242183e-01	8.260823945470897600e-01	0.000000000000000000e+00	1.000000000000000000e+00	0.000000000000000000e+00
1.316550000000000000e+05	8.823000000000000000e+03	4.300000000000000000e+01	2.843187291692652963e+01	2.647133411528283986e+01	7.490204295742168839e-01	7.643277812378769243e-01	0.000000000000000000e+00	1.000000000000000000e+00	0.000000000000000000e+00
1.316550000000000000e+05	8.825000000000000000e+03	4.000000000000000000e+01	2.803948776167551316e+01	2.614896278417176134e+01	6.956060706135065441e-01	9.302904595511680697e-01	0.000000000000000000e+00	1.000000000000000000e+00	0.000000000000000000e+00
1.316550000000000000e+05	8.826000000000000000e+03	3.500000000000000000e+01	2.835977734988213683e+01	2.714403526855188886e+01	8.882528771656281741e-01	9.760358210877803087e-01	0.000000000000000000e+00	1.000000000000000000e+00	0.000000000000000000e+00
1.316550000000000000e+05	8.828000000000000000e+03	3.500000000000000000e+01	2.786215577854253311e+01	2.501206240623029942e+01	6.115132001333489775e-01	6.850319684858691138e-01	0.000000000000000000e+00	1.000000000000000000e+00	0.000000000000000000e+00
1.316560000000000000e+05	8.727000000000000000e+03	3.800000000000000000e+01	2.102940068641234106e+01	2.721690783198380359e+01	8.708559112508419409e-01	5.596058932059990720e-01	0.000000000000000000e+00	1.000000000000000000e+00	0.000000000000000000e+00
1.316580000000000000e+05	8.576000000000000000e+03	5.600000000000000000e+01	2.846580011807097321e+01	2.203641033807540595e+01	7.692902996987699415e-01	1.064575351300578676e+00	0.000000000000000000e+00	1.000000000000000000e+00	0.000000000000000000e+00
1.316580000000000000e+05	8.579000000000000000e+03	4.700000000000000000e+01	2.831584208765934108e+01	2.463662334566474144e+01	7.145595995782082488e-01	1.087529585510853325e+00	0.000000000000000000e+00	1.000000000000000000e+00	0.000000000000000000e+00
1.316580000000000000e+05	8.583000000000000000e+03	3.500000000000000000e+01	2.843137722333191064e+01	2.476660516723037375e+01	5.122251490179777766e-01	9.693331478995561579e-01	0.000000000000000000e+00	1.000000000000000000e+00	0.000000000000000000e+00
1.316580000000000000e+05	8.592000000000000000e+03	7.800000000000000000e+01	1.000000000000000000e+00	1.958101418155904128e+01	1.000000000000000000e+00	8.126568152257189759e-01	0.000000000000000000e+00	1.000000000000000000e+00	0.000000000000000000e+00
1.316580000000000000e+05	8.695000000000000000e+03	5.800000000000000000e+01	2.856583885547011192e+01	2.151305644585456989e+01	7.463002609021345268e-01	1.116535913597126672e+00	0.000000000000000000e+00	1.000000000000000000e+00	0.000000000000000000e+00
1.316580000000000000e+05	8.703000000000000000e+03	4.700000000000000000e+01	2.826167557850901346e+01	2.371946926998791838e+01	8.593058375612931954e-01	9.189760339374611897e-01	0.000000000000000000e+00	1.000000000000000000e+00	0.000000000000000000e+00
1.316580000000000000e+05	8.704000000000000000e+03	4.000000000000000000e+01	2.843250868974756429e+01	2.710437881307609587e+01	7.086380406271507448e-01	7.264136303650471360e-01	0.000000000000000000e+00	1.000000000000000000e+00	0.000000000000000000e+00
1.316580000000000000e+05	8.705000000000000000e+03	4.300000000000000000e+01	2.867424939128205708e+01	2.405405173955218601e+01	6.098594225266349422e-01	9.475586642883103705e-01	0.000000000000000000e+00	1.000000000000000000e+00	0.000000000000000000e+00
1.316580000000000000e+05	8.707000000000000000e+03	4.800000000000000000e+01	2.850078494749237734e+01	2.312308677697094339e+01	8.452685061777096553e-01	9.552905370796359596e-01	0.000000000000000000e+00	1.000000000000000000e+00	0.000000000000000000e+00
1.316580000000000000e+05	8.712000000000000000e+03	4.300000000000000000e+01	2.827882813767228498e+01	2.446483543694921892e+01	6.732114795983309419e-01	7.285223386742613050e-01	0.000000000000000000e+00	1.000000000000000000e+00	0.000000000000000000e+00
1.316580000000000000e+05	8.720000000000000000e+03	3.900000000000000000e+01	2.817588548533486303e+01	2.554602356384999595e+01	7.736835698920163651e-01	8.360171127115327838e-01	0.000000000000000000e+00	1.000000000000000000e+00	0.000000000000000000e+00
1.316580000000000000e+05	8.721000000000000000e+03	2.500000000000000000e+01	2.844127186325609102e+01	2.559500647486268221e+01	6.224144252531579324e-01	7.515821388404608783e-01	0.000000000000000000e+00	1.000000000000000000e+00	0.000000000000000000e+00
1.316580000000000000e+05	8.723000000000000000e+03	3.900000000000000000e+01	2.835744011933930864e+01	2.511720274985726320e+01	8.073285430618672986e-01	8.411294896097067930e-01	0.000000000000000000e+00	1.000000000000000000e+00	0.000000000000000000e+00
1.316580000000000000e+05	8.724000000000000000e+03	4.400000000000000000e+01	2.813418919379173033e+01	2.496227193011101875e+01	7.751701656685984210e-01	7.916407729804127991e-01	0.000000000000000000e+00	1.000000000000000000e+00	0.000000000000000000e+00
1.316580000000000000e+05	8.725000000000000000e+03	5.000000000000000000e+01	2.823762340470599952e+01	2.424722134023410902e+01	9.981993056909254092e-01	6.914886363271904868e-01	0.000000000000000000e+00	1.000000000000000000e+00	0.000000000000000000e+00
1.316580000000000000e+05	8.726000000000000000e+03	2.800000000000000000e+01	2.842493323731964239e+01	2.425205955960125692e+01	5.253459909001858552e-01	8.092345738444267633e-01	0.000000000000000000e+00	1.000000000000000000e+00	0.000000000000000000e+00
1.316580000000000000e+05	8.727000000000000000e+03	3.700000000000000000e+01	2.837003477305663424e+01	2.712473835218387919e+01	1.001075435533022473e+00	7.389748397873852070e-01	0.000000000000000000e+00	1.000000000000000000e+00	0.000000000000000000e+00
1.316580000000000000e+05	8.763000000000000000e+03	3.500000000000000000e+01	2.867021165406768191e+01	2.399438749874292043e+01	5.973928558300939384e-01	7.563728262105946509e-01	0.000000000000000000e+00	1.000000000000000000e+00	0.000000000000000000e+00
1.316580000000000000e+05	8.809000000000000000e+03	4.200000000000000000e+01	2.812053520418799479e+01	2.416465008735013598e+01	6.979958113117306073e-01	7.354222319124670282e-01	0.000000000000000000e+00	1.000000000000000000e+00	0.000000000000000000e+00
1.316580000000000000e+05	8.812000000000000000e+03	4.300000000000000000e+01	2.848726002276183422e+01	2.829115633786526729e+01	6.567137638297539937e-01	8.384041072474258671e-01	0.000000000000000000e+00	1.000000000000000000e+00	0.000000000000000000e+00
1.316580000000000000e+05	8.816000000000000000e+03	4.900000000000000000e+01	2.830504874744405797e+01	2.526232640821418585e+01	8.688040883588555863e-01	9.896019369064823490e-01	0.000000000000000000e+00	1.000000000000000000e+00	0.000000000000000000e+00
1.316580000000000000e+05	8.823000000000000000e+03	4.400000000000000000e+01	2.840612922269985674e+01	2.620771792239414921e+01	8.571963198423665498e-01	7.891388029305367313e-01	0.000000000000000000e+00	1.000000000000000000e+00	0.000000000000000000e+00
1.316580000000000000e+05	8.825000000000000000e+03	4.100000000000000000e+01	2.819659922785801953e+01	2.590843312548773625e+01	7.678429349966391371e-01	7.573691116174321447e-01	0.000000000000000000e+00	1.000000000000000000e+00	0.000000000000000000e+00
1.316580000000000000e+05	8.826000000000000000e+03	2.500000000000000000e+01	2.841694797700984054e+01	2.721659743344640248e+01	6.399588131026945348e-01	5.643620049030710906e-01	0.000000000000000000e+00	1.000000000000000000e+00	0.000000000000000000e+00
1.316580000000000000e+05	8.829000000000000000e+03	3.400000000000000000e+01	2.844830045094527549e+01	2.542345111853013861e+01	5.913977567307056038e-01	8.195130915204950073e-01	0.000000000000000000e+00	1.000000000000000000e+00	0.000000000000000000e+00
1.316580000000000000e+05	8.831000000000000000e+03	4.200000000000000000e+01	2.836884544706185096e+01	2.363216895082504720e+01	8.640187326455355254e-01	7.875027421222552393e-01	0.000000000000000000e+00	1.000000000000000000e+00	0.000000000000000000e+00
1.316590000000000000e+05	8.579000000000000000e+03	3.100000000000000000e+01	2.767277797212603829e+01	2.490649283170823836e+01	7.010864022297279563e-01	7.509404084328613616e-01	0.000000000000000000e+00	1.000000000000000000e+00	0.000000000000000000e+00
1.316600000000000000e+05	8.707000000000000000e+03	3.600000000000000000e+01	2.540807351162368377e+01	2.335635613697787960e+01	5.327903731526560938e-01	7.429414903879160148e-01	0.000000000000000000e+00	1.000000000000000000e+00	0.000000000000000000e+00
1.316600000000000000e+05	8.718000000000000000e+03	4.000000000000000000e+01	2.506949923067012165e+01	2.404674466664611288e+01	6.642547413662719391e-01	8.011502820610166831e-01	0.000000000000000000e+00	1.000000000000000000e+00	0.000000000000000000e+00
1.316600000000000000e+05	8.719000000000000000e+03	3.800000000000000000e+01	2.524795099964537570e+01	2.448233499744470265e+01	6.447121902307410002e-01	7.430220609790972874e-01	0.000000000000000000e+00	1.000000000000000000e+00	0.000000000000000000e+00
1.316600000000000000e+05	8.819000000000000000e+03	2.900000000000000000e+01	2.527861146803592618e+01	2.484997701340861553e+01	6.057542572671829051e-01	6.015185010487957840e-01	0.000000000000000000e+00	1.000000000000000000e+00	0.000000000000000000e+00
1.316610000000000000e+05	8.583000000000000000e+03	4.300000000000000000e+01	2.639501850154542950e+01	2.439195047420434292e+01	5.763367890472473887e-01	1.016471355127894549e+00	0.000000000000000000e+00	1.000000000000000000e+00	0.000000000000000000e+00
1.316610000000000000e+05	8.704000000000000000e+03	2.900000000000000000e+01	2.638851887645384764e+01	2.712998485083180356e+01	6.974864418026609503e-01	5.727874525219007751e-01	0.000000000000000000e+00	1.000000000000000000e+00	0.000000000000000000e+00
1.316610000000000000e+05	8.707000000000000000e+03	3.800000000000000000e+01	2.641625999254854307e+01	2.306364429611107880e+01	5.461031883650981911e-01	6.651752400964485723e-01	0.000000000000000000e+00	1.000000000000000000e+00	0.000000000000000000e+00
1.316620000000000000e+05	8.576000000000000000e+03	3.600000000000000000e+01	2.704616185946274953e+01	2.233537712325042079e+01	5.707856687244652338e-01	8.538983136804341179e-01	0.000000000000000000e+00	1.000000000000000000e+00	0.000000000000000000e+00
1.316620000000000000e+05	8.704000000000000000e+03	2.600000000000000000e+01	2.707767848027701163e+01	2.692428823335428589e+01	6.342144804021520033e-01	7.931879536427631772e-01	0.000000000000000000e+00	1.000000000000000000e+00	0.000000000000000000e+00
1.316620000000000000e+05	8.725000000000000000e+03	3.200000000000000000e+01	2.736192923830944679e+01	2.413325655193690977e+01	5.477580030334391337e-01	6.462850992737986244e-01	0.000000000000000000e+00	1.000000000000000000e+00	0.000000000000000000e+00
1.316620000000000000e+05	8.823000000000000000e+03	2.800000000000000000e+01	2.750855735546426928e+01	2.629827470206793549e+01	5.705421571104160039e-01	6.621696632919185088e-01	0.000000000000000000e+00	1.000000000000000000e+00	0.000000000000000000e+00
1.316630000000000000e+05	8.578000000000000000e+03	3.400000000000000000e+01	2.494702575706218184e+01	2.233344986650109476e+01	7.075759165239283721e-01	6.041554335582123292e-01	0.000000000000000000e+00	1.000000000000000000e+00	0.000000000000000000e+00
1.316630000000000000e+05	8.689000000000000000e+03	4.800000000000000000e+01	2.513237298438576062e+01	2.284810383978964765e+01	7.846507251317237364e-01	8.886368671747986170e-01	0.000000000000000000e+00	1.000000000000000000e+00	0.000000000000000000e+00
1.316630000000000000e+05	8.716000000000000000e+03	4.200000000000000000e+01	2.531373172718594944e+01	2.427194598631382760e+01	6.121758947921394078e-01	8.442428507967900675e-01	0.000000000000000000e+00	1.000000000000000000e+00	0.000000000000000000e+00
1.316630000000000000e+05	8.720000000000000000e+03	4.600000000000000000e+01	2.505117994670049342e+01	2.597072136863345548e+01	9.924046862791776613e-01	6.487724020186806939e-01	0.000000000000000000e+00	1.000000000000000000e+00	0.000000000000000000e+00
1.316630000000000000e+05	8.722000000000000000e+03	3.300000000000000000e+01	2.538687539086717493e+01	2.532942064360797474e+01	7.058832950887002911e-01	7.902202006056353589e-01	0.000000000000000000e+00	1.000000000000000000e+00	0.000000000000000000e+00
1.316630000000000000e+05	8.817000000000000000e+03	4.200000000000000000e+01	2.541330506715789284e+01	2.382298214842408512e+01	7.337414774908447290e-01	6.803896538578386721e-01	0.000000000000000000e+00	1.000000000000000000e+00	0.000000000000000000e+00
1.316640000000000000e+05	8.718000000000000000e+03	5.400000000000000000e+01	2.333804220337073687e+01	2.382579853700583072e+01	8.721811239820148609e-01	8.061712511336830422e-01	0.000000000000000000e+00	1.000000000000000000e+00	0.000000000000000000e+00
1.316640000000000000e+05	8.722000000000000000e+03	4.700000000000000000e+01	2.307929235045963523e+01	2.531385077760689128e+01	8.590081003420066974e-01	7.970957108139404834e-01	0.000000000000000000e+00	1.000000000000000000e+00	0.000000000000000000e+00
1.316640000000000000e+05	8.724000000000000000e+03	5.000000000000000000e+01	2.348028438912173499e+01	2.484838759999411550e+01	8.969608454782806994e-01	6.587519507826924414e-01	0.000000000000000000e+00	1.000000000000000000e+00	0.000000000000000000e+00
1.316640000000000000e+05	8.732000000000000000e+03	3.900000000000000000e+01	2.368503010597840230e+01	2.308751830584877140e+01	8.007932878863954773e-01	7.289907584445693978e-01	0.000000000000000000e+00	1.000000000000000000e+00	0.000000000000000000e+00
1.316640000000000000e+05	8.824000000000000000e+03	5.000000000000000000e+01	2.323637468026689490e+01	2.418855429030865167e+01	9.367944998989554684e-01	8.517947935243757041e-01	0.000000000000000000e+00	1.000000000000000000e+00	0.000000000000000000e+00
1.316640000000000000e+05	8.831000000000000000e+03	4.800000000000000000e+01	2.343751394853198278e+01	2.395926144979978645e+01	8.719642397957032554e-01	6.104821844437035017e-01	0.000000000000000000e+00	1.000000000000000000e+00	0.000000000000000000e+00
1.316650000000000000e+05	8.577000000000000000e+03	4.000000000000000000e+01	2.618912791071435109e+01	2.427988937700670036e+01	5.977136157281255358e-01	7.951954771900935359e-01	0.000000000000000000e+00	1.000000000000000000e+00	0.000000000000000000e+00
1.316650000000000000e+05	8.579000000000000000e+03	3.600000000000000000e+01	2.641517516824180944e+01	2.482000434479621731e+01	6.164302419079518147e-01	9.869174081050530178e-01	0.000000000000000000e+00	1.000000000000000000e+00	0.000000000000000000e+00
1.316650000000000000e+05	8.673000000000000000e+03	3.400000000000000000e+01	2.612313082864349312e+01	2.398186477119671878e+01	6.651869046918128525e-01	8.323412022980404279e-01	0.000000000000000000e+00	1.000000000000000000e+00	0.000000000000000000e+00
1.316650000000000000e+05	8.677000000000000000e+03	3.900000000000000000e+01	2.586260110791999978e+01	2.447196070047711558e+01	8.630335681964510508e-01	1.022839183144935715e+00	0.000000000000000000e+00	1.000000000000000000e+00	0.000000000000000000e+00
1.316650000000000000e+05	8.682000000000000000e+03	3.500000000000000000e+01	2.619620058723502964e+01	2.042837545862726145e+01	5.219891041117554753e-01	6.276097572518070100e-01	0.000000000000000000e+00	1.000000000000000000e+00	0.000000000000000000e+00
1.316650000000000000e+05	8.688000000000000000e+03	5.000000000000000000e+01	2.591518858177963480e+01	2.256530656986103978e+01	9.223256336932486033e-01	1.004632031589596242e+00	0.000000000000000000e+00	1.000000000000000000e+00	0.000000000000000000e+00
1.316650000000000000e+05	8.689000000000000000e+03	5.100000000000000000e+01	2.612550404782187030e+01	2.260022026184113741e+01	9.274998134413232620e-01	9.708252771884375854e-01	0.000000000000000000e+00	1.000000000000000000e+00	0.000000000000000000e+00
1.316650000000000000e+05	8.704000000000000000e+03	5.000000000000000000e+01	2.596964071697918541e+01	2.712518780113325079e+01	9.985213348997339367e-01	9.444318988512884205e-01	0.000000000000000000e+00	1.000000000000000000e+00	0.000000000000000000e+00
1.316650000000000000e+05	8.706000000000000000e+03	3.500000000000000000e+01	2.612448177420914419e+01	2.459558868083317762e+01	7.089919659177836841e-01	5.135939162881282272e-01	0.000000000000000000e+00	1.000000000000000000e+00	0.000000000000000000e+00
1.316650000000000000e+05	8.707000000000000000e+03	4.900000000000000000e+01	2.589012537575259287e+01	2.338447832680544991e+01	8.307046174548590178e-01	7.646285823501849377e-01	0.000000000000000000e+00	1.000000000000000000e+00	0.000000000000000000e+00
1.316650000000000000e+05	8.714000000000000000e+03	3.600000000000000000e+01	2.579901081437202137e+01	2.355912715877426322e+01	7.046522453340198222e-01	8.439598094121768534e-01	0.000000000000000000e+00	1.000000000000000000e+00	0.000000000000000000e+00
1.316650000000000000e+05	8.718000000000000000e+03	3.100000000000000000e+01	2.582652275313962065e+01	2.408225594023839378e+01	6.583948703038725592e-01	5.274447590349837789e-01	0.000000000000000000e+00	1.000000000000000000e+00	0.000000000000000000e+00
1.316650000000000000e+05	8.720000000000000000e+03	4.200000000000000000e+01	2.607692073509520014e+01	2.581310428746646579e+01	7.907641554473424650e-01	6.446663649113831829e-01	0.000000000000000000e+00	1.000000000000000000e+00	0.000000000000000000e+00
1.316650000000000000e+05	8.722000000000000000e+03	4.900000000000000000e+01	2.575017335896886195e+01	2.537495986139929016e+01	8.629214317932248912e-01	6.025180056426172603e-01	0.000000000000000000e+00	1.000000000000000000e+00	0.000000000000000000e+00
1.316650000000000000e+05	8.723000000000000000e+03	3.900000000000000000e+01	2.593175316381103457e+01	2.533164214526181368e+01	7.109628404797900814e-01	8.702262724778294656e-01	0.000000000000000000e+00	1.000000000000000000e+00	0.000000000000000000e+00
1.316650000000000000e+05	8.724000000000000000e+03	4.600000000000000000e+01	2.618535176578703982e+01	2.488307163601598759e+01	7.489358669492189868e-01	8.527057410482032918e-01	0.000000000000000000e+00	1.000000000000000000e+00	0.000000000000000000e+00
1.316650000000000000e+05	8.725000000000000000e+03	3.400000000000000000e+01	2.620539373610839817e+01	2.417438011779152163e+01	6.149921478050038859e-01	6.092640112325811153e-01	0.000000000000000000e+00	1.000000000000000000e+00	0.000000000000000000e+00
1.316650000000000000e+05	8.823000000000000000e+03	3.700000000000000000e+01	2.621302422958975242e+01	2.620092184684996894e+01	5.784688108695453801e-01	6.235038805186805533e-01	0.000000000000000000e+00	1.000000000000000000e+00	0.000000000000000000e+00
1.316650000000000000e+05	8.828000000000000000e+03	5.500000000000000000e+01	2.604880219098820149e+01	2.493629636767191116e+01	8.057598486145539640e-01	5.809930406874870279e-01	0.000000000000000000e+00	1.000000000000000000e+00	0.000000000000000000e+00
1.316650000000000000e+05	8.831000000000000000e+03	4.500000000000000000e+01	2.600723304396258584e+01	2.383190901031710851e+01	1.023063499157468970e+00	8.503900980420561195e-01	0.000000000000000000e+00	1.000000000000000000e+00	0.000000000000000000e+00
1.316660000000000000e+05	8.579000000000000000e+03	4.800000000000000000e+01	2.749663300362790608e+01	2.486675117650039013e+01	9.397319911707321394e-01	9.284099763329989319e-01	0.000000000000000000e+00	1.000000000000000000e+00	0.000000000000000000e+00
1.316660000000000000e+05	8.583000000000000000e+03	4.500000000000000000e+01	2.734123491253555471e+01	2.436683419291603769e+01	1.017510098997954859e+00	1.169547451488041068e+00	0.000000000000000000e+00	1.000000000000000000e+00	0.000000000000000000e+00
1.316660000000000000e+05	8.686000000000000000e+03	4.200000000000000000e+01	2.762182473004886418e+01	2.284772609361304063e+01	7.154608185327137049e-01	8.524778422419142521e-01	0.000000000000000000e+00	1.000000000000000000e+00	0.000000000000000000e+00
1.316660000000000000e+05	8.689000000000000000e+03	3.900000000000000000e+01	2.729359854522249762e+01	2.267690608548212339e+01	5.703263811216473522e-01	7.467845767516236855e-01	0.000000000000000000e+00	1.000000000000000000e+00	0.000000000000000000e+00
1.316660000000000000e+05	8.695000000000000000e+03	5.000000000000000000e+01	2.774575015528577282e+01	2.158601169557055854e+01	6.468147056879044454e-01	6.354912917027706332e-01	0.000000000000000000e+00	1.000000000000000000e+00	0.000000000000000000e+00
1.316660000000000000e+05	8.704000000000000000e+03	3.900000000000000000e+01	2.757767745694718187e+01	2.684671192762874625e+01	8.278924873073062463e-01	9.697699263965169347e-01	0.000000000000000000e+00	1.000000000000000000e+00	0.000000000000000000e+00
1.316660000000000000e+05	8.711000000000000000e+03	4.100000000000000000e+01	2.758642953180314805e+01	2.257715341394956710e+01	7.982298687651013802e-01	6.873791841151698501e-01	0.000000000000000000e+00	1.000000000000000000e+00	0.000000000000000000e+00
1.316660000000000000e+05	8.718000000000000000e+03	5.600000000000000000e+01	2.729089328621412491e+01	2.397269963099031642e+01	8.841551673708418768e-01	9.043977097856750191e-01	0.000000000000000000e+00	1.000000000000000000e+00	0.000000000000000000e+00
1.316660000000000000e+05	8.721000000000000000e+03	3.400000000000000000e+01	2.699629949786866945e+01	2.552300547856761170e+01	9.087390092137640485e-01	6.885063091385735801e-01	0.000000000000000000e+00	1.000000000000000000e+00	0.000000000000000000e+00
1.316660000000000000e+05	8.722000000000000000e+03	4.900000000000000000e+01	2.762893958273176054e+01	2.527254540197351673e+01	8.099440104551799413e-01	7.460766126481671590e-01	0.000000000000000000e+00	1.000000000000000000e+00	0.000000000000000000e+00
1.316660000000000000e+05	8.815000000000000000e+03	4.400000000000000000e+01	2.748080679569478590e+01	2.648216641144081862e+01	8.361243680162110392e-01	6.901757136736317300e-01	0.000000000000000000e+00	1.000000000000000000e+00	0.000000000000000000e+00
1.316660000000000000e+05	8.817000000000000000e+03	5.100000000000000000e+01	2.754020033381019417e+01	2.367141099399037074e+01	1.008135429382141623e+00	6.968203042511214029e-01	0.000000000000000000e+00	1.000000000000000000e+00	0.000000000000000000e+00
1.316660000000000000e+05	8.819000000000000000e+03	3.600000000000000000e+01	2.726933105709193939e+01	2.473160544217413914e+01	7.511150756477420476e-01	8.123262300414941794e-01	0.000000000000000000e+00	1.000000000000000000e+00	0.000000000000000000e+00
1.316660000000000000e+05	8.821000000000000000e+03	3.900000000000000000e+01	2.735019553308253748e+01	2.405813378293166593e+01	1.079987351346582525e+00	5.787938297824577472e-01	0.000000000000000000e+00	1.000000000000000000e+00	0.000000000000000000e+00
1.316660000000000000e+05	8.823000000000000000e+03	4.000000000000000000e+01	2.777096922058328232e+01	2.613449548670154243e+01	8.980271569279384414e-01	1.031959814598058189e+00	0.000000000000000000e+00	1.000000000000000000e+00	0.000000000000000000e+00
1.316660000000000000e+05	8.824000000000000000e+03	9.400000000000000000e+01	1.000000000000000000e+00	2.402674035777387829e+01	1.000000000000000000e+00	1.127232548280705071e+00	0.000000000000000000e+00	1.000000000000000000e+00	0.000000000000000000e+00
1.316660000000000000e+05	8.828000000000000000e+03	4.100000000000000000e+01	2.739443419272899405e+01	2.518824626354318852e+01	8.223744971248597713e-01	7.366833763162767834e-01	0.000000000000000000e+00	1.000000000000000000e+00	0.000000000000000000e+00
1.316660000000000000e+05	8.831000000000000000e+03	4.200000000000000000e+01	2.745738616786156072e+01	2.370532532495386135e+01	8.391628626041274241e-01	8.355351197980063205e-01	0.000000000000000000e+00	1.000000000000000000e+00	0.000000000000000000e+00
1.316670000000000000e+05	8.577000000000000000e+03	3.500000000000000000e+01	2.550900248759916167e+01	2.423442898004459067e+01	6.086810304462447752e-01	5.521540956764093844e-01	0.000000000000000000e+00	1.000000000000000000e+00	0.000000000000000000e+00
1.316670000000000000e+05	8.578000000000000000e+03	5.600000000000000000e+01	2.522228792891379712e+01	2.209928993726205704e+01	7.269962759125231377e-01	8.458563510647230110e-01	0.000000000000000000e+00	1.000000000000000000e+00	0.000000000000000000e+00
1.316670000000000000e+05	8.579000000000000000e+03	4.000000000000000000e+01	2.530412066337400745e+01	2.479295344987535898e+01	6.952049032323365241e-01	5.702084962940937585e-01	0.000000000000000000e+00	1.000000000000000000e+00	0.000000000000000000e+00
1.316670000000000000e+05	8.584000000000000000e+03	3.400000000000000000e+01	2.549390869109164370e+01	2.143857095296287696e+01	5.415291528076587868e-01	6.232163638485180845e-01	0.000000000000000000e+00	1.000000000000000000e+00	0.000000000000000000e+00
1.316670000000000000e+05	8.597000000000000000e+03	4.900000000000000000e+01	2.544966781519522669e+01	2.201807773472648222e+01	7.745610752933972387e-01	1.059301952112807310e+00	0.000000000000000000e+00	1.000000000000000000e+00	0.000000000000000000e+00
1.316670000000000000e+05	8.686000000000000000e+03	5.000000000000000000e+01	2.525416125376535703e+01	2.283070136512911219e+01	8.860092574066252835e-01	8.916868669635186206e-01	0.000000000000000000e+00	1.000000000000000000e+00	0.000000000000000000e+00
1.316670000000000000e+05	8.704000000000000000e+03	4.600000000000000000e+01	2.535491765051758861e+01	2.696942855778159753e+01	8.356415163762302978e-01	8.672572558048204927e-01	0.000000000000000000e+00	1.000000000000000000e+00	0.000000000000000000e+00
1.316670000000000000e+05	8.711000000000000000e+03	4.700000000000000000e+01	2.545428427127747639e+01	2.261384541090640354e+01	8.634321051680818870e-01	6.113070190017976246e-01	0.000000000000000000e+00	1.000000000000000000e+00	0.000000000000000000e+00
1.316670000000000000e+05	8.718000000000000000e+03	5.000000000000000000e+01	2.539050998901403133e+01	2.373033479442539928e+01	8.608094737945893860e-01	9.889976501287645050e-01	0.000000000000000000e+00	1.000000000000000000e+00	0.000000000000000000e+00
1.316670000000000000e+05	8.720000000000000000e+03	5.200000000000000000e+01	2.546788131487822682e+01	2.565440941233067562e+01	7.741846461235192267e-01	7.854843438712607595e-01	0.000000000000000000e+00	1.000000000000000000e+00	0.000000000000000000e+00
1.316670000000000000e+05	8.722000000000000000e+03	4.700000000000000000e+01	2.533279903707450131e+01	2.533605733950372141e+01	6.602103132079528702e-01	6.678282007327661640e-01	0.000000000000000000e+00	1.000000000000000000e+00	0.000000000000000000e+00
1.316670000000000000e+05	8.725000000000000000e+03	6.000000000000000000e+01	2.507327712722071666e+01	2.411357397241119216e+01	8.863641996125636302e-01	7.174772307077796896e-01	0.000000000000000000e+00	1.000000000000000000e+00	0.000000000000000000e+00
1.316670000000000000e+05	8.823000000000000000e+03	4.700000000000000000e+01	2.554271935380526770e+01	2.627167348137594871e+01	7.315279842944030220e-01	9.515073752042190192e-01	0.000000000000000000e+00	1.000000000000000000e+00	0.000000000000000000e+00
1.316670000000000000e+05	8.828000000000000000e+03	3.800000000000000000e+01	2.516324269488790222e+01	2.492434545055455075e+01	8.079679578244109983e-01	6.574593943216612280e-01	0.000000000000000000e+00	1.000000000000000000e+00	0.000000000000000000e+00
1.316680000000000000e+05	8.718000000000000000e+03	3.700000000000000000e+01	2.565172484621995608e+01	2.398657950504451719e+01	6.419438624973465846e-01	7.231821165314329392e-01	0.000000000000000000e+00	1.000000000000000000e+00	0.000000000000000000e+00
1.316690000000000000e+05	8.583000000000000000e+03	4.500000000000000000e+01	2.479606731314772361e+01	2.439200482963674688e+01	8.463169983007148289e-01	1.121454125861622630e+00	0.000000000000000000e+00	1.000000000000000000e+00	0.000000000000000000e+00
1.316690000000000000e+05	8.712000000000000000e+03	4.000000000000000000e+01	2.514290802754570464e+01	2.423634657390301328e+01	7.221383385108423036e-01	8.509277423488825765e-01	0.000000000000000000e+00	1.000000000000000000e+00	0.000000000000000000e+00
1.316690000000000000e+05	8.724000000000000000e+03	4.000000000000000000e+01	2.529670559750294245e+01	2.493623655247316506e+01	5.194596321197418876e-01	8.044300892895394073e-01	0.000000000000000000e+00	1.000000000000000000e+00	0.000000000000000000e+00
1.316690000000000000e+05	8.823000000000000000e+03	4.500000000000000000e+01	2.507283093881124003e+01	2.652179119437643351e+01	6.883252135846792408e-01	8.869039335225422649e-01	0.000000000000000000e+00	1.000000000000000000e+00	0.000000000000000000e+00
1.316700000000000000e+05	8.823000000000000000e+03	4.000000000000000000e+01	1.998214182338731604e+01	2.633093464362757530e+01	6.839710778710680339e-01	5.882274509073373014e-01	0.000000000000000000e+00	1.000000000000000000e+00	0.000000000000000000e+00
1.316710000000000000e+05	8.704000000000000000e+03	3.900000000000000000e+01	2.653142040706691063e+01	2.680779770834217501e+01	8.184610169260936319e-01	8.114027079960663968e-01	0.000000000000000000e+00	1.000000000000000000e+00	0.000000000000000000e+00
1.316710000000000000e+05	8.705000000000000000e+03	3.000000000000000000e+01	2.634246282335180211e+01	2.400061968361653086e+01	5.218762767768512223e-01	6.998146013841283208e-01	0.000000000000000000e+00	1.000000000000000000e+00	0.000000000000000000e+00
1.316720000000000000e+05	8.705000000000000000e+03	3.000000000000000000e+01	2.633202377403841155e+01	2.409011885309898915e+01	5.773848766935084642e-01	8.061166069831329217e-01	0.000000000000000000e+00	1.000000000000000000e+00	0.000000000000000000e+00
1.316720000000000000e+05	8.831000000000000000e+03	7.000000000000000000e+01	1.000000000000000000e+00	2.400622423030707964e+01	1.000000000000000000e+00	7.915494467072682339e-01	0.000000000000000000e+00	1.000000000000000000e+00	0.000000000000000000e+00
1.316740000000000000e+05	8.583000000000000000e+03	2.900000000000000000e+01	2.416192273922219513e+01	2.456683554287335980e+01	6.170675146264470445e-01	7.159670401276636564e-01	0.000000000000000000e+00	1.000000000000000000e+00	0.000000000000000000e+00
1.316790000000000000e+05	8.703000000000000000e+03	2.900000000000000000e+01	2.715737332976875251e+01	2.330581491921809345e+01	5.927909873667627227e-01	8.739508945630835024e-01	0.000000000000000000e+00	1.000000000000000000e+00	0.000000000000000000e+00
1.316870000000000000e+05	8.704000000000000000e+03	2.900000000000000000e+01	2.563955601656030936e+01	2.704702114512028643e+01	7.297847038686804400e-01	5.485501518604316562e-01	0.000000000000000000e+00	1.000000000000000000e+00	0.000000000000000000e+00
1.317090000000000000e+05	8.721000000000000000e+03	2.900000000000000000e+01	2.722095332074972518e+01	2.558553390033544872e+01	5.953975501005162041e-01	7.029502727240051208e-01	0.000000000000000000e+00	1.000000000000000000e+00	0.000000000000000000e+00
1.317090000000000000e+05	8.722000000000000000e+03	3.100000000000000000e+01	2.750242178143490435e+01	2.539997009469045253e+01	5.419631919011093091e-01	6.179368693884442765e-01	0.000000000000000000e+00	1.000000000000000000e+00	0.000000000000000000e+00
1.392670000000000000e+05	9.770000000000000000e+02	3.800000000000000000e+01	2.198983084983058589e+01	2.685545264437188706e+01	8.188102736539819571e-01	5.832026685034700231e-01	0.000000000000000000e+00	1.000000000000000000e+00	0.000000000000000000e+00
1.392800000000000000e+05	9.770000000000000000e+02	4.300000000000000000e+01	2.226637882638441113e+01	2.703950643322031411e+01	6.932790926409976295e-01	7.357096588509484114e-01	0.000000000000000000e+00	1.000000000000000000e+00	0.000000000000000000e+00
1.393720000000000000e+05	9.510000000000000000e+02	5.400000000000000000e+01	2.349966769140230838e+01	2.433405075544568774e+01	8.317024687129203064e-01	1.065469942458630470e+00	0.000000000000000000e+00	1.000000000000000000e+00	0.000000000000000000e+00
1.393720000000000000e+05	9.760000000000000000e+02	3.800000000000000000e+01	2.373525864590858703e+01	3.019168013971038178e+01	7.583913905249287657e-01	6.105679164380668489e-01	0.000000000000000000e+00	1.000000000000000000e+00	0.000000000000000000e+00
1.401600000000000000e+05	9.520000000000000000e+02	4.900000000000000000e+01	2.392928979894523778e+01	2.525365088835213712e+01	9.713547758829459422e-01	8.546794368914137907e-01	0.000000000000000000e+00	1.000000000000000000e+00	0.000000000000000000e+00
1.401600000000000000e+05	9.770000000000000000e+02	3.600000000000000000e+01	2.400205097876254001e+01	2.692618072151080355e+01	8.516087623378170157e-01	5.330071165750037698e-01	0.000000000000000000e+00	1.000000000000000000e+00	0.000000000000000000e+00
1.401630000000000000e+05	9.700000000000000000e+02	3.900000000000000000e+01	2.346926046913623765e+01	2.794609299842875672e+01	9.961754263730633330e-01	6.065421317728464379e-01	0.000000000000000000e+00	1.000000000000000000e+00	0.000000000000000000e+00
1.401670000000000000e+05	9.590000000000000000e+02	5.100000000000000000e+01	2.417537888461018269e+01	2.460001670965908716e+01	8.116998039573158907e-01	8.741729810365679310e-01	0.000000000000000000e+00	1.000000000000000000e+00	0.000000000000000000e+00
1.401810000000000000e+05	9.440000000000000000e+02	4.600000000000000000e+01	2.314735045320694695e+01	2.389751139850286421e+01	7.163885459559299340e-01	8.459219571414491323e-01	0.000000000000000000e+00	1.000000000000000000e+00	0.000000000000000000e+00
1.402680000000000000e+05	9.400000000000000000e+02	4.000000000000000000e+01	2.342584044257011655e+01	2.627748577279046671e+01	7.528910306770543182e-01	6.074392413346266784e-01	0.000000000000000000e+00	1.000000000000000000e+00	0.000000000000000000e+00
1.402700000000000000e+05	9.560000000000000000e+02	3.600000000000000000e+01	2.533124468006517560e+01	2.674827027381819633e+01	6.074163925269283615e-01	7.979094592758285698e-01	0.000000000000000000e+00	1.000000000000000000e+00	0.000000000000000000e+00
1.402720000000000000e+05	9.670000000000000000e+02	3.700000000000000000e+01	2.506179406300916312e+01	2.761143006596914518e+01	9.864252304961868001e-01	9.228355979372131479e-01	0.000000000000000000e+00	1.000000000000000000e+00	0.000000000000000000e+00
1.402870000000000000e+05	9.600000000000000000e+02	4.000000000000000000e+01	2.435628781847667668e+01	2.795580367200638960e+01	8.430013257217101597e-01	6.747727582367210042e-01	0.000000000000000000e+00	1.000000000000000000e+00	0.000000000000000000e+00
