165.5254447,-28.22089252,14.800000000000004,0.97236992,-0.233445364,0
167.902272,-1.979562146,38.00000000000001,0.996917334,-0.078459096,0
167.6512029,-5.169697614,38.00000000000001,0.996917334,-0.078459096,0
167.4001338,-8.359833082,28.4,0.996917334,-0.078459096,0
167.902272,-1.979562146,34.800000000000004,0.996917334,-0.078459096,0
167.1490647,-11.54996855,34.800000000000004,0.996917334,-0.078459096,0
167.4001338,-8.359833082,34.800000000000004,0.996917334,-0.078459096,0
167.1490647,-11.54996855,38.00000000000001,0.996917334,-0.078459096,0
167.902272,-1.979562146,28.4,0.996917334,-0.078459096,0
167.6512029,-5.169697614,31.6,0.996917334,-0.078459096,0
167.1490647,-11.54996855,28.4,0.996917334,-0.078459096,0
167.6512029,-5.169697614,34.800000000000004,0.996917334,-0.078459096,0
167.1490647,-11.54996855,31.6,0.996917334,-0.078459096,0
167.4001338,-8.359833082,38.00000000000001,0.996917334,-0.078459096,0
167.4001338,-8.359833082,31.6,0.996917334,-0.078459096,0
167.902272,-1.979562146,31.6,0.996917334,-0.078459096,0
167.6512029,-5.169697614,28.4,0.996917334,-0.078459096,0
167.902272,-1.979562146,41.199999999999996,0.996917334,-0.078459096,0
167.6512029,-5.169697614,41.199999999999996,0.996917334,-0.078459096,0
167.902272,-1.979562146,44.4,0.996917334,-0.078459096,0
167.6512029,-5.169697614,44.4,0.996917334,-0.078459096,0
167.902272,-1.979562146,50.800000000000004,0.996917334,-0.078459096,0
167.902272,-1.979562146,47.6,0.996917334,-0.078459096,0
167.6512029,-5.169697614,50.800000000000004,0.996917334,-0.078459096,0
167.6512029,-5.169697614,47.6,0.996917334,-0.078459096,0
167.4001338,-8.359833082,41.199999999999996,0.996917334,-0.078459096,0
167.4001338,-8.359833082,47.6,0.996917334,-0.078459096,0
167.4001338,-8.359833082,44.4,0.996917334,-0.078459096,0
166.8979956,-14.74010402,38.00000000000001,0.996917334,-0.078459096,0
167.4001338,-8.359833082,50.800000000000004,0.996917334,-0.078459096,0
167.1490647,-11.54996855,41.199999999999996,0.996917334,-0.078459096,0
167.1490647,-11.54996855,50.800000000000004,0.996917334,-0.078459096,0
167.1490647,-11.54996855,47.6,0.996917334,-0.078459096,0
167.1490647,-11.54996855,44.4,0.996917334,-0.078459096,0
166.8979956,-14.74010402,41.199999999999996,0.996917334,-0.078459096,0
166.8979956,-14.74010402,44.4,0.996917334,-0.078459096,0
166.8979956,-14.74010402,50.800000000000004,0.996917334,-0.078459096,0
166.8979956,-14.74010402,47.6,0.996917334,-0.078459096,0
166.6469265,-17.93023949,50.800000000000004,0.996917334,-0.078459096,0
166.8979956,-14.74010402,34.800000000000004,0.996917334,-0.078459096,0
166.6469265,-17.93023949,47.6,0.996917334,-0.078459096,0
166.6469265,-17.93023949,44.4,0.996917334,-0.078459096,0
166.6469265,-17.93023949,41.199999999999996,0.996917334,-0.078459096,0
166.3958574,-21.12037495,47.6,0.996917334,-0.078459096,0
166.3958574,-21.12037495,50.800000000000004,0.996917334,-0.078459096,0
166.1447883,-24.31051042,50.800000000000004,0.996917334,-0.078459096,0
166.3958574,-21.12037495,41.199999999999996,0.996917334,-0.078459096,0
166.1447883,-24.31051042,47.6,0.996917334,-0.078459096,0
166.3958574,-21.12037495,44.4,0.996917334,-0.078459096,0
166.1447883,-24.31051042,41.199999999999996,0.996917334,-0.078459096,0
166.1447883,-24.31051042,44.4,0.996917334,-0.078459096,0
166.6469265,-17.93023949,31.6,0.996917334,-0.078459096,0
166.3958574,-21.12037495,31.6,0.996917334,-0.078459096,0
166.3958574,-21.12037495,28.4,0.996917334,-0.078459096,0
166.3958574,-21.12037495,38.00000000000001,0.996917334,-0.078459096,0
166.3958574,-21.12037495,34.800000000000004,0.996917334,-0.078459096,0
166.1447883,-24.31051042,31.6,0.996917334,-0.078459096,0
166.1447883,-24.31051042,28.4,0.996917334,-0.078459096,0
166.6469265,-17.93023949,28.4,0.996917334,-0.078459096,0
166.8979956,-14.74010402,28.4,0.996917334,-0.078459096,0
166.6469265,-17.93023949,38.00000000000001,0.996917334,-0.078459096,0
166.1447883,-24.31051042,34.800000000000004,0.996917334,-0.078459096,0
166.6469265,-17.93023949,34.800000000000004,0.996917334,-0.078459096,0
166.8979956,-14.74010402,31.6,0.996917334,-0.078459096,0
166.1447883,-24.31051042,38.00000000000001,0.996917334,-0.078459096,0
166.1447883,-24.31051042,14.800000000000004,0.996917334,-0.078459096,0
166.3958574,-21.12037495,14.800000000000004,0.996917334,-0.078459096,0
166.8979956,-14.74010402,18.000000000000007,0.996917334,-0.078459096,0
166.3958574,-21.12037495,18.000000000000007,0.996917334,-0.078459096,0
166.8979956,-14.74010402,14.800000000000004,0.996917334,-0.078459096,0
166.1447883,-24.31051042,21.199999999999996,0.996917334,-0.078459096,0
166.6469265,-17.93023949,21.199999999999996,0.996917334,-0.078459096,0
166.1447883,-24.31051042,24.4,0.996917334,-0.078459096,0
166.3958574,-21.12037495,21.199999999999996,0.996917334,-0.078459096,0
167.1490647,-11.54996855,14.800000000000004,0.996917334,-0.078459096,0
166.1447883,-24.31051042,18.000000000000007,0.996917334,-0.078459096,0
167.1490647,-11.54996855,18.000000000000007,0.996917334,-0.078459096,0
166.6469265,-17.93023949,14.800000000000004,0.996917334,-0.078459096,0
166.6469265,-17.93023949,24.4,0.996917334,-0.078459096,0
166.6469265,-17.93023949,18.000000000000007,0.996917334,-0.078459096,0
166.3958574,-21.12037495,24.4,0.996917334,-0.078459096,0
166.1447883,-24.31051042,11.600000000000001,0.996917334,-0.078459096,0
166.1447883,-24.31051042,5.200000000000003,0.996917334,-0.078459096,0
166.1447883,-24.31051042,8.399999999999999,0.996917334,-0.078459096,0
166.1447883,-24.31051042,2,0.996917334,-0.078459096,0
166.3958574,-21.12037495,8.399999999999999,0.996917334,-0.078459096,0
166.3958574,-21.12037495,11.600000000000001,0.996917334,-0.078459096,0
166.3958574,-21.12037495,5.200000000000003,0.996917334,-0.078459096,0
166.3958574,-21.12037495,2,0.996917334,-0.078459096,0
166.6469265,-17.93023949,11.600000000000001,0.996917334,-0.078459096,0
166.6469265,-17.93023949,5.200000000000003,0.996917334,-0.078459096,0
166.6469265,-17.93023949,8.399999999999999,0.996917334,-0.078459096,0
166.8979956,-14.74010402,21.199999999999996,0.996917334,-0.078459096,0
166.6469265,-17.93023949,2,0.996917334,-0.078459096,0
166.8979956,-14.74010402,2,0.996917334,-0.078459096,0
166.8979956,-14.74010402,5.200000000000003,0.996917334,-0.078459096,0
166.8979956,-14.74010402,11.600000000000001,0.996917334,-0.078459096,0
166.8979956,-14.74010402,8.399999999999999,0.996917334,-0.078459096,0
167.1490647,-11.54996855,8.399999999999999,0.996917334,-0.078459096,0
167.1490647,-11.54996855,5.200000000000003,0.996917334,-0.078459096,0
167.1490647,-11.54996855,11.600000000000001,0.996917334,-0.078459096,0
167.1490647,-11.54996855,2,0.996917334,-0.078459096,0
167.4001338,-8.359833082,2,0.996917334,-0.078459096,0
166.8979956,-14.74010402,24.4,0.996917334,-0.078459096,0
167.4001338,-8.359833082,5.200000000000003,0.996917334,-0.078459096,0
167.6512029,-5.169697614,2,0.996917334,-0.078459096,0
167.4001338,-8.359833082,8.399999999999999,0.996917334,-0.078459096,0
167.6512029,-5.169697614,5.200000000000003,0.996917334,-0.078459096,0
167.4001338,-8.359833082,11.600000000000001,0.996917334,-0.078459096,0
167.902272,-1.979562146,2,0.996917334,-0.078459096,0
167.6512029,-5.169697614,8.399999999999999,0.996917334,-0.078459096,0
167.902272,-1.979562146,5.200000000000003,0.996917334,-0.078459096,0
167.6512029,-5.169697614,11.600000000000001,0.996917334,-0.078459096,0
167.902272,-1.979562146,8.399999999999999,0.996917334,-0.078459096,0
167.902272,-1.979562146,11.600000000000001,0.996917334,-0.078459096,0
167.4001338,-8.359833082,24.4,0.996917334,-0.078459096,0
167.6512029,-5.169697614,18.000000000000007,0.996917334,-0.078459096,0
167.6512029,-5.169697614,24.4,0.996917334,-0.078459096,0
167.6512029,-5.169697614,14.800000000000004,0.996917334,-0.078459096,0
167.6512029,-5.169697614,21.199999999999996,0.996917334,-0.078459096,0
167.902272,-1.979562146,21.199999999999996,0.996917334,-0.078459096,0
167.902272,-1.979562146,24.4,0.996917334,-0.078459096,0
167.4001338,-8.359833082,21.199999999999996,0.996917334,-0.078459096,0
167.1490647,-11.54996855,21.199999999999996,0.996917334,-0.078459096,0
167.4001338,-8.359833082,14.800000000000004,0.996917334,-0.078459096,0
167.902272,-1.979562146,18.000000000000007,0.996917334,-0.078459096,0
167.4001338,-8.359833082,18.000000000000007,0.996917334,-0.078459096,0
167.1490647,-11.54996855,24.4,0.996917334,-0.078459096,0
166.1447882,24.31051162,-38,0.996917334,0.078459096,0
167.902272,-1.979562146,-14.8,0.996917334,-0.078459096,0
167.6512029,-5.169697614,-14.8,0.996917334,-0.078459096,0
167.4001338,-8.359833082,-24.4,0.996917334,-0.078459096,0
167.902272,-1.979562146,-18,0.996917334,-0.078459096,0
167.1490647,-11.54996855,-18,0.996917334,-0.078459096,0
167.4001338,-8.359833082,-18,0.996917334,-0.078459096,0
167.1490647,-11.54996855,-14.8,0.996917334,-0.078459096,0
167.902272,-1.979562146,-24.4,0.996917334,-0.078459096,0
167.6512029,-5.169697614,-21.2,0.996917334,-0.078459096,0
167.1490647,-11.54996855,-24.4,0.996917334,-0.078459096,0
167.6512029,-5.169697614,-18,0.996917334,-0.078459096,0
167.1490647,-11.54996855,-21.2,0.996917334,-0.078459096,0
167.4001338,-8.359833082,-14.8,0.996917334,-0.078459096,0
167.4001338,-8.359833082,-21.2,0.996917334,-0.078459096,0
167.902272,-1.979562146,-21.2,0.996917334,-0.078459096,0
167.6512029,-5.169697614,-24.4,0.996917334,-0.078459096,0
167.902272,-1.979562146,-11.6,0.996917334,-0.078459096,0
167.6512029,-5.169697614,-11.6,0.996917334,-0.078459096,0
167.902272,-1.979562146,-8.4,0.996917334,-0.078459096,0
167.6512029,-5.169697614,-8.4,0.996917334,-0.078459096,0
167.902272,-1.979562146,-2,0.996917334,-0.078459096,0
167.902272,-1.979562146,-5.2,0.996917334,-0.078459096,0
167.6512029,-5.169697614,-2,0.996917334,-0.078459096,0
167.6512029,-5.169697614,-5.2,0.996917334,-0.078459096,0
167.4001338,-8.359833082,-11.6,0.996917334,-0.078459096,0
167.4001338,-8.359833082,-5.2,0.996917334,-0.078459096,0
167.4001338,-8.359833082,-8.4,0.996917334,-0.078459096,0
166.8979956,-14.74010402,-14.8,0.996917334,-0.078459096,0
167.4001338,-8.359833082,-2,0.996917334,-0.078459096,0
167.1490647,-11.54996855,-11.6,0.996917334,-0.078459096,0
167.1490647,-11.54996855,-2,0.996917334,-0.078459096,0
167.1490647,-11.54996855,-5.2,0.996917334,-0.078459096,0
167.1490647,-11.54996855,-8.4,0.996917334,-0.078459096,0
166.8979956,-14.74010402,-11.6,0.996917334,-0.078459096,0
166.8979956,-14.74010402,-8.4,0.996917334,-0.078459096,0
166.8979956,-14.74010402,-2,0.996917334,-0.078459096,0
166.8979956,-14.74010402,-5.2,0.996917334,-0.078459096,0
166.6469265,-17.93023949,-2,0.996917334,-0.078459096,0
166.8979956,-14.74010402,-18,0.996917334,-0.078459096,0
166.6469265,-17.93023949,-5.2,0.996917334,-0.078459096,0
166.6469265,-17.93023949,-8.4,0.996917334,-0.078459096,0
166.6469265,-17.93023949,-11.6,0.996917334,-0.078459096,0
166.3958574,-21.12037495,-5.2,0.996917334,-0.078459096,0
166.3958574,-21.12037495,-2,0.996917334,-0.078459096,0
166.1447883,-24.31051042,-2,0.996917334,-0.078459096,0
166.3958574,-21.12037495,-11.6,0.996917334,-0.078459096,0
166.1447883,-24.31051042,-5.2,0.996917334,-0.078459096,0
166.3958574,-21.12037495,-8.4,0.996917334,-0.078459096,0
166.1447883,-24.31051042,-11.6,0.996917334,-0.078459096,0
166.1447883,-24.31051042,-8.4,0.996917334,-0.078459096,0
166.6469265,-17.93023949,-21.2,0.996917334,-0.078459096,0
166.3958574,-21.12037495,-21.2,0.996917334,-0.078459096,0
166.3958574,-21.12037495,-24.4,0.996917334,-0.078459096,0
166.3958574,-21.12037495,-14.8,0.996917334,-0.078459096,0
166.3958574,-21.12037495,-18,0.996917334,-0.078459096,0
166.1447883,-24.31051042,-21.2,0.996917334,-0.078459096,0
166.1447883,-24.31051042,-24.4,0.996917334,-0.078459096,0
166.6469265,-17.93023949,-24.4,0.996917334,-0.078459096,0
166.8979956,-14.74010402,-24.4,0.996917334,-0.078459096,0
166.6469265,-17.93023949,-14.8,0.996917334,-0.078459096,0
166.1447883,-24.31051042,-18,0.996917334,-0.078459096,0
166.6469265,-17.93023949,-18,0.996917334,-0.078459096,0
166.8979956,-14.74010402,-21.2,0.996917334,-0.078459096,0
166.1447883,-24.31051042,-14.8,0.996917334,-0.078459096,0
166.1447883,-24.31051042,-38,0.996917334,-0.078459096,0
166.3958574,-21.12037495,-38,0.996917334,-0.078459096,0
166.8979956,-14.74010402,-34.8,0.996917334,-0.078459096,0
166.3958574,-21.12037495,-34.8,0.996917334,-0.078459096,0
166.8979956,-14.74010402,-38,0.996917334,-0.078459096,0
166.1447883,-24.31051042,-31.6,0.996917334,-0.078459096,0
166.6469265,-17.93023949,-31.6,0.996917334,-0.078459096,0
166.1447883,-24.31051042,-28.4,0.996917334,-0.078459096,0
166.3958574,-21.12037495,-31.6,0.996917334,-0.078459096,0
167.1490647,-11.54996855,-38,0.996917334,-0.078459096,0
166.1447883,-24.31051042,-34.8,0.996917334,-0.078459096,0
167.1490647,-11.54996855,-34.8,0.996917334,-0.078459096,0
166.6469265,-17.93023949,-38,0.996917334,-0.078459096,0
166.6469265,-17.93023949,-28.4,0.996917334,-0.078459096,0
166.6469265,-17.93023949,-34.8,0.996917334,-0.078459096,0
166.3958574,-21.12037495,-28.4,0.996917334,-0.078459096,0
166.1447883,-24.31051042,-41.2,0.996917334,-0.078459096,0
166.1447883,-24.31051042,-47.6,0.996917334,-0.078459096,0
166.1447883,-24.31051042,-44.4,0.996917334,-0.078459096,0
166.1447883,-24.31051042,-50.8,0.996917334,-0.078459096,0
166.3958574,-21.12037495,-44.4,0.996917334,-0.078459096,0
166.3958574,-21.12037495,-41.2,0.996917334,-0.078459096,0
166.3958574,-21.12037495,-47.6,0.996917334,-0.078459096,0
166.3958574,-21.12037495,-50.8,0.996917334,-0.078459096,0
166.6469265,-17.93023949,-41.2,0.996917334,-0.078459096,0
166.6469265,-17.93023949,-47.6,0.996917334,-0.078459096,0
166.6469265,-17.93023949,-44.4,0.996917334,-0.078459096,0
166.8979956,-14.74010402,-31.6,0.996917334,-0.078459096,0
166.6469265,-17.93023949,-50.8,0.996917334,-0.078459096,0
166.8979956,-14.74010402,-50.8,0.996917334,-0.078459096,0
166.8979956,-14.74010402,-47.6,0.996917334,-0.078459096,0
166.8979956,-14.74010402,-41.2,0.996917334,-0.078459096,0
166.8979956,-14.74010402,-44.4,0.996917334,-0.078459096,0
167.1490647,-11.54996855,-44.4,0.996917334,-0.078459096,0
167.1490647,-11.54996855,-47.6,0.996917334,-0.078459096,0
167.1490647,-11.54996855,-41.2,0.996917334,-0.078459096,0
167.1490647,-11.54996855,-50.8,0.996917334,-0.078459096,0
167.4001338,-8.359833082,-50.8,0.996917334,-0.078459096,0
166.8979956,-14.74010402,-28.4,0.996917334,-0.078459096,0
167.4001338,-8.359833082,-47.6,0.996917334,-0.078459096,0
167.6512029,-5.169697614,-50.8,0.996917334,-0.078459096,0
167.4001338,-8.359833082,-44.4,0.996917334,-0.078459096,0
167.6512029,-5.169697614,-47.6,0.996917334,-0.078459096,0
167.4001338,-8.359833082,-41.2,0.996917334,-0.078459096,0
167.902272,-1.979562146,-50.8,0.996917334,-0.078459096,0
167.6512029,-5.169697614,-44.4,0.996917334,-0.078459096,0
167.902272,-1.979562146,-47.6,0.996917334,-0.078459096,0
167.6512029,-5.169697614,-41.2,0.996917334,-0.078459096,0
167.902272,-1.979562146,-44.4,0.996917334,-0.078459096,0
167.902272,-1.979562146,-41.2,0.996917334,-0.078459096,0
167.4001338,-8.359833082,-28.4,0.996917334,-0.078459096,0
167.6512029,-5.169697614,-34.8,0.996917334,-0.078459096,0
167.6512029,-5.169697614,-28.4,0.996917334,-0.078459096,0
167.6512029,-5.169697614,-38,0.996917334,-0.078459096,0
167.6512029,-5.169697614,-31.6,0.996917334,-0.078459096,0
167.902272,-1.979562146,-31.6,0.996917334,-0.078459096,0
167.902272,-1.979562146,-28.4,0.996917334,-0.078459096,0
167.4001338,-8.359833082,-31.6,0.996917334,-0.078459096,0
167.1490647,-11.54996855,-31.6,0.996917334,-0.078459096,0
167.4001338,-8.359833082,-38,0.996917334,-0.078459096,0
167.902272,-1.979562146,-34.8,0.996917334,-0.078459096,0
167.4001338,-8.359833082,-34.8,0.996917334,-0.078459096,0
167.1490647,-11.54996855,-28.4,0.996917334,-0.078459096,0
-166.1447883,-24.31051042,14.800000000000004,-0.996917334,-0.078459096,0
-167.9022719,1.979563345,38.00000000000001,-0.996917334,0.078459096,0
-167.6512028,5.169698813,38.00000000000001,-0.996917334,0.078459096,0
-167.4001337,8.359834281,28.4,-0.996917334,0.078459096,0
-167.9022719,1.979563345,34.800000000000004,-0.996917334,0.078459096,0
-167.1490646,11.54996975,34.800000000000004,-0.996917334,0.078459096,0
-167.4001337,8.359834281,34.800000000000004,-0.996917334,0.078459096,0
-167.1490646,11.54996975,38.00000000000001,-0.996917334,0.078459096,0
-167.9022719,1.979563345,28.4,-0.996917334,0.078459096,0
-167.6512028,5.169698813,31.6,-0.996917334,0.078459096,0
-167.1490646,11.54996975,28.4,-0.996917334,0.078459096,0
-167.6512028,5.169698813,34.800000000000004,-0.996917334,0.078459096,0
-167.1490646,11.54996975,31.6,-0.996917334,0.078459096,0
-167.4001337,8.359834281,38.00000000000001,-0.996917334,0.078459096,0
-167.4001337,8.359834281,31.6,-0.996917334,0.078459096,0
-167.9022719,1.979563345,31.6,-0.996917334,0.078459096,0
-167.6512028,5.169698813,28.4,-0.996917334,0.078459096,0
-167.9022719,1.979563345,41.199999999999996,-0.996917334,0.078459096,0
-167.6512028,5.169698813,41.199999999999996,-0.996917334,0.078459096,0
-167.9022719,1.979563345,44.4,-0.996917334,0.078459096,0
-167.6512028,5.169698813,44.4,-0.996917334,0.078459096,0
-167.9022719,1.979563345,50.800000000000004,-0.996917334,0.078459096,0
-167.9022719,1.979563345,47.6,-0.996917334,0.078459096,0
-167.6512028,5.169698813,50.800000000000004,-0.996917334,0.078459096,0
-167.6512028,5.169698813,47.6,-0.996917334,0.078459096,0
-167.4001337,8.359834281,41.199999999999996,-0.996917334,0.078459096,0
-167.4001337,8.359834281,47.6,-0.996917334,0.078459096,0
-167.4001337,8.359834281,44.4,-0.996917334,0.078459096,0
-166.8979955,14.74010522,38.00000000000001,-0.996917334,0.078459096,0
-167.4001337,8.359834281,50.800000000000004,-0.996917334,0.078459096,0
-167.1490646,11.54996975,41.199999999999996,-0.996917334,0.078459096,0
-167.1490646,11.54996975,50.800000000000004,-0.996917334,0.078459096,0
-167.1490646,11.54996975,47.6,-0.996917334,0.078459096,0
-167.1490646,11.54996975,44.4,-0.996917334,0.078459096,0
-166.8979955,14.74010522,41.199999999999996,-0.996917334,0.078459096,0
-166.8979955,14.74010522,44.4,-0.996917334,0.078459096,0
-166.8979955,14.74010522,50.800000000000004,-0.996917334,0.078459096,0
-166.8979955,14.74010522,47.6,-0.996917334,0.078459096,0
-166.6469264,17.93024068,50.800000000000004,-0.996917334,0.078459096,0
-166.8979955,14.74010522,34.800000000000004,-0.996917334,0.078459096,0
-166.6469264,17.93024068,47.6,-0.996917334,0.078459096,0
-166.6469264,17.93024068,44.4,-0.996917334,0.078459096,0
-166.6469264,17.93024068,41.199999999999996,-0.996917334,0.078459096,0
-166.3958573,21.12037615,47.6,-0.996917334,0.078459096,0
-166.3958573,21.12037615,50.800000000000004,-0.996917334,0.078459096,0
-166.1447882,24.31051162,50.800000000000004,-0.996917334,0.078459096,0
-166.3958573,21.12037615,41.199999999999996,-0.996917334,0.078459096,0
-166.1447882,24.31051162,47.6,-0.996917334,0.078459096,0
-166.3958573,21.12037615,44.4,-0.996917334,0.078459096,0
-166.1447882,24.31051162,41.199999999999996,-0.996917334,0.078459096,0
-166.1447882,24.31051162,44.4,-0.996917334,0.078459096,0
-166.6469264,17.93024068,31.6,-0.996917334,0.078459096,0
-166.3958573,21.12037615,31.6,-0.996917334,0.078459096,0
-166.3958573,21.12037615,28.4,-0.996917334,0.078459096,0
-166.3958573,21.12037615,38.00000000000001,-0.996917334,0.078459096,0
-166.3958573,21.12037615,34.800000000000004,-0.996917334,0.078459096,0
-166.1447882,24.31051162,31.6,-0.996917334,0.078459096,0
-166.1447882,24.31051162,28.4,-0.996917334,0.078459096,0
-166.6469264,17.93024068,28.4,-0.996917334,0.078459096,0
-166.8979955,14.74010522,28.4,-0.996917334,0.078459096,0
-166.6469264,17.93024068,38.00000000000001,-0.996917334,0.078459096,0
-166.1447882,24.31051162,34.800000000000004,-0.996917334,0.078459096,0
-166.6469264,17.93024068,34.800000000000004,-0.996917334,0.078459096,0
-166.8979955,14.74010522,31.6,-0.996917334,0.078459096,0
-166.1447882,24.31051162,38.00000000000001,-0.996917334,0.078459096,0
-166.1447882,24.31051162,14.800000000000004,-0.996917334,0.078459096,0
-166.3958573,21.12037615,14.800000000000004,-0.996917334,0.078459096,0
-166.8979955,14.74010522,18.000000000000007,-0.996917334,0.078459096,0
-166.3958573,21.12037615,18.000000000000007,-0.996917334,0.078459096,0
-166.8979955,14.74010522,14.800000000000004,-0.996917334,0.078459096,0
-166.1447882,24.31051162,21.199999999999996,-0.996917334,0.078459096,0
-166.6469264,17.93024068,21.199999999999996,-0.996917334,0.078459096,0
-166.1447882,24.31051162,24.4,-0.996917334,0.078459096,0
-166.3958573,21.12037615,21.199999999999996,-0.996917334,0.078459096,0
-167.1490646,11.54996975,14.800000000000004,-0.996917334,0.078459096,0
-166.1447882,24.31051162,18.000000000000007,-0.996917334,0.078459096,0
-167.1490646,11.54996975,18.000000000000007,-0.996917334,0.078459096,0
-166.6469264,17.93024068,14.800000000000004,-0.996917334,0.078459096,0
-166.6469264,17.93024068,24.4,-0.996917334,0.078459096,0
-166.6469264,17.93024068,18.000000000000007,-0.996917334,0.078459096,0
-166.3958573,21.12037615,24.4,-0.996917334,0.078459096,0
-166.1447882,24.31051162,11.600000000000001,-0.996917334,0.078459096,0
-166.1447882,24.31051162,5.200000000000003,-0.996917334,0.078459096,0
-166.1447882,24.31051162,8.399999999999999,-0.996917334,0.078459096,0
-166.1447882,24.31051162,2,-0.996917334,0.078459096,0
-166.3958573,21.12037615,8.399999999999999,-0.996917334,0.078459096,0
-166.3958573,21.12037615,11.600000000000001,-0.996917334,0.078459096,0
-166.3958573,21.12037615,5.200000000000003,-0.996917334,0.078459096,0
-166.3958573,21.12037615,2,-0.996917334,0.078459096,0
-166.6469264,17.93024068,11.600000000000001,-0.996917334,0.078459096,0
-166.6469264,17.93024068,5.200000000000003,-0.996917334,0.078459096,0
-166.6469264,17.93024068,8.399999999999999,-0.996917334,0.078459096,0
-166.8979955,14.74010522,21.199999999999996,-0.996917334,0.078459096,0
-166.6469264,17.93024068,2,-0.996917334,0.078459096,0
-166.8979955,14.74010522,2,-0.996917334,0.078459096,0
-166.8979955,14.74010522,5.200000000000003,-0.996917334,0.078459096,0
-166.8979955,14.74010522,11.600000000000001,-0.996917334,0.078459096,0
-166.8979955,14.74010522,8.399999999999999,-0.996917334,0.078459096,0
-167.1490646,11.54996975,8.399999999999999,-0.996917334,0.078459096,0
-167.1490646,11.54996975,5.200000000000003,-0.996917334,0.078459096,0
-167.1490646,11.54996975,11.600000000000001,-0.996917334,0.078459096,0
-167.1490646,11.54996975,2,-0.996917334,0.078459096,0
-167.4001337,8.359834281,2,-0.996917334,0.078459096,0
-166.8979955,14.74010522,24.4,-0.996917334,0.078459096,0
-167.4001337,8.359834281,5.200000000000003,-0.996917334,0.078459096,0
-167.6512028,5.169698813,2,-0.996917334,0.078459096,0
-167.4001337,8.359834281,8.399999999999999,-0.996917334,0.078459096,0
-167.6512028,5.169698813,5.200000000000003,-0.996917334,0.078459096,0
-167.4001337,8.359834281,11.600000000000001,-0.996917334,0.078459096,0
-167.9022719,1.979563345,2,-0.996917334,0.078459096,0
-167.6512028,5.169698813,8.399999999999999,-0.996917334,0.078459096,0
-167.9022719,1.979563345,5.200000000000003,-0.996917334,0.078459096,0
-167.6512028,5.169698813,11.600000000000001,-0.996917334,0.078459096,0
-167.9022719,1.979563345,8.399999999999999,-0.996917334,0.078459096,0
-167.9022719,1.979563345,11.600000000000001,-0.996917334,0.078459096,0
-167.4001337,8.359834281,24.4,-0.996917334,0.078459096,0
-167.6512028,5.169698813,18.000000000000007,-0.996917334,0.078459096,0
-167.6512028,5.169698813,24.4,-0.996917334,0.078459096,0
-167.6512028,5.169698813,14.800000000000004,-0.996917334,0.078459096,0
-167.6512028,5.169698813,21.199999999999996,-0.996917334,0.078459096,0
-167.9022719,1.979563345,21.199999999999996,-0.996917334,0.078459096,0
-167.9022719,1.979563345,24.4,-0.996917334,0.078459096,0
-167.4001337,8.359834281,21.199999999999996,-0.996917334,0.078459096,0
-167.1490646,11.54996975,21.199999999999996,-0.996917334,0.078459096,0
-167.4001337,8.359834281,14.800000000000004,-0.996917334,0.078459096,0
-167.9022719,1.979563345,18.000000000000007,-0.996917334,0.078459096,0
-167.4001337,8.359834281,18.000000000000007,-0.996917334,0.078459096,0
-167.1490646,11.54996975,24.4,-0.996917334,0.078459096,0
-165.5254444,28.22089369,-38,-0.97236992,0.233445364,0
-167.9022719,1.979563345,-14.8,-0.996917334,0.078459096,0
-167.6512028,5.169698813,-14.8,-0.996917334,0.078459096,0
-167.4001337,8.359834281,-24.4,-0.996917334,0.078459096,0
-167.9022719,1.979563345,-18,-0.996917334,0.078459096,0
-167.1490646,11.54996975,-18,-0.996917334,0.078459096,0
-167.4001337,8.359834281,-18,-0.996917334,0.078459096,0
-167.1490646,11.54996975,-14.8,-0.996917334,0.078459096,0
-167.9022719,1.979563345,-24.4,-0.996917334,0.078459096,0
-167.6512028,5.169698813,-21.2,-0.996917334,0.078459096,0
-167.1490646,11.54996975,-24.4,-0.996917334,0.078459096,0
-167.6512028,5.169698813,-18,-0.996917334,0.078459096,0
-167.1490646,11.54996975,-21.2,-0.996917334,0.078459096,0
-167.4001337,8.359834281,-14.8,-0.996917334,0.078459096,0
-167.4001337,8.359834281,-21.2,-0.996917334,0.078459096,0
-167.9022719,1.979563345,-21.2,-0.996917334,0.078459096,0
-167.6512028,5.169698813,-24.4,-0.996917334,0.078459096,0
-167.9022719,1.979563345,-11.6,-0.996917334,0.078459096,0
-167.6512028,5.169698813,-11.6,-0.996917334,0.078459096,0
-167.9022719,1.979563345,-8.4,-0.996917334,0.078459096,0
-167.6512028,5.169698813,-8.4,-0.996917334,0.078459096,0
-167.9022719,1.979563345,-2,-0.996917334,0.078459096,0
-167.9022719,1.979563345,-5.2,-0.996917334,0.078459096,0
-167.6512028,5.169698813,-2,-0.996917334,0.078459096,0
-167.6512028,5.169698813,-5.2,-0.996917334,0.078459096,0
-167.4001337,8.359834281,-11.6,-0.996917334,0.078459096,0
-167.4001337,8.359834281,-5.2,-0.996917334,0.078459096,0
-167.4001337,8.359834281,-8.4,-0.996917334,0.078459096,0
-166.8979955,14.74010522,-14.8,-0.996917334,0.078459096,0
-167.4001337,8.359834281,-2,-0.996917334,0.078459096,0
-167.1490646,11.54996975,-11.6,-0.996917334,0.078459096,0
-167.1490646,11.54996975,-2,-0.996917334,0.078459096,0
-167.1490646,11.54996975,-5.2,-0.996917334,0.078459096,0
-167.1490646,11.54996975,-8.4,-0.996917334,0.078459096,0
-166.8979955,14.74010522,-11.6,-0.996917334,0.078459096,0
-166.8979955,14.74010522,-8.4,-0.996917334,0.078459096,0
-166.8979955,14.74010522,-2,-0.996917334,0.078459096,0
-166.8979955,14.74010522,-5.2,-0.996917334,0.078459096,0
-166.6469264,17.93024068,-2,-0.996917334,0.078459096,0
-166.8979955,14.74010522,-18,-0.996917334,0.078459096,0
-166.6469264,17.93024068,-5.2,-0.996917334,0.078459096,0
-166.6469264,17.93024068,-8.4,-0.996917334,0.078459096,0
-166.6469264,17.93024068,-11.6,-0.996917334,0.078459096,0
-166.3958573,21.12037615,-5.2,-0.996917334,0.078459096,0
-166.3958573,21.12037615,-2,-0.996917334,0.078459096,0
-166.1447882,24.31051162,-2,-0.996917334,0.078459096,0
-166.3958573,21.12037615,-11.6,-0.996917334,0.078459096,0
-166.1447882,24.31051162,-5.2,-0.996917334,0.078459096,0
-166.3958573,21.12037615,-8.4,-0.996917334,0.078459096,0
-166.1447882,24.31051162,-11.6,-0.996917334,0.078459096,0
-166.1447882,24.31051162,-8.4,-0.996917334,0.078459096,0
-166.6469264,17.93024068,-21.2,-0.996917334,0.078459096,0
-166.3958573,21.12037615,-21.2,-0.996917334,0.078459096,0
-166.3958573,21.12037615,-24.4,-0.996917334,0.078459096,0
-166.3958573,21.12037615,-14.8,-0.996917334,0.078459096,0
-166.3958573,21.12037615,-18,-0.996917334,0.078459096,0
-166.1447882,24.31051162,-21.2,-0.996917334,0.078459096,0
-166.1447882,24.31051162,-24.4,-0.996917334,0.078459096,0
-166.6469264,17.93024068,-24.4,-0.996917334,0.078459096,0
-166.8979955,14.74010522,-24.4,-0.996917334,0.078459096,0
-166.6469264,17.93024068,-14.8,-0.996917334,0.078459096,0
-166.1447882,24.31051162,-18,-0.996917334,0.078459096,0
-166.6469264,17.93024068,-18,-0.996917334,0.078459096,0
-166.8979955,14.74010522,-21.2,-0.996917334,0.078459096,0
-166.1447882,24.31051162,-14.8,-0.996917334,0.078459096,0
-166.1447882,24.31051162,-38,-0.996917334,0.078459096,0
-166.3958573,21.12037615,-38,-0.996917334,0.078459096,0
-166.8979955,14.74010522,-34.8,-0.996917334,0.078459096,0
-166.3958573,21.12037615,-34.8,-0.996917334,0.078459096,0
-166.8979955,14.74010522,-38,-0.996917334,0.078459096,0
-166.1447882,24.31051162,-31.6,-0.996917334,0.078459096,0
-166.6469264,17.93024068,-31.6,-0.996917334,0.078459096,0
-166.1447882,24.31051162,-28.4,-0.996917334,0.078459096,0
-166.3958573,21.12037615,-31.6,-0.996917334,0.078459096,0
-167.1490646,11.54996975,-38,-0.996917334,0.078459096,0
-166.1447882,24.31051162,-34.8,-0.996917334,0.078459096,0
-167.1490646,11.54996975,-34.8,-0.996917334,0.078459096,0
-166.6469264,17.93024068,-38,-0.996917334,0.078459096,0
-166.6469264,17.93024068,-28.4,-0.996917334,0.078459096,0
-166.6469264,17.93024068,-34.8,-0.996917334,0.078459096,0
-166.3958573,21.12037615,-28.4,-0.996917334,0.078459096,0
-166.1447882,24.31051162,-41.2,-0.996917334,0.078459096,0
-166.1447882,24.31051162,-47.6,-0.996917334,0.078459096,0
-166.1447882,24.31051162,-44.4,-0.996917334,0.078459096,0
-166.1447882,24.31051162,-50.8,-0.996917334,0.078459096,0
-166.3958573,21.12037615,-44.4,-0.996917334,0.078459096,0
-166.3958573,21.12037615,-41.2,-0.996917334,0.078459096,0
-166.3958573,21.12037615,-47.6,-0.996917334,0.078459096,0
-166.3958573,21.12037615,-50.8,-0.996917334,0.078459096,0
-166.6469264,17.93024068,-41.2,-0.996917334,0.078459096,0
-166.6469264,17.93024068,-47.6,-0.996917334,0.078459096,0
-166.6469264,17.93024068,-44.4,-0.996917334,0.078459096,0
-166.8979955,14.74010522,-31.6,-0.996917334,0.078459096,0
-166.6469264,17.93024068,-50.8,-0.996917334,0.078459096,0
-166.8979955,14.74010522,-50.8,-0.996917334,0.078459096,0
-166.8979955,14.74010522,-47.6,-0.996917334,0.078459096,0
-166.8979955,14.74010522,-41.2,-0.996917334,0.078459096,0
-166.8979955,14.74010522,-44.4,-0.996917334,0.078459096,0
-167.1490646,11.54996975,-44.4,-0.996917334,0.078459096,0
-167.1490646,11.54996975,-47.6,-0.996917334,0.078459096,0
-167.1490646,11.54996975,-41.2,-0.996917334,0.078459096,0
-167.1490646,11.54996975,-50.8,-0.996917334,0.078459096,0
-167.4001337,8.359834281,-50.8,-0.996917334,0.078459096,0
-166.8979955,14.74010522,-28.4,-0.996917334,0.078459096,0
-167.4001337,8.359834281,-47.6,-0.996917334,0.078459096,0
-167.6512028,5.169698813,-50.8,-0.996917334,0.078459096,0
-167.4001337,8.359834281,-44.4,-0.996917334,0.078459096,0
-167.6512028,5.169698813,-47.6,-0.996917334,0.078459096,0
-167.4001337,8.359834281,-41.2,-0.996917334,0.078459096,0
-167.9022719,1.979563345,-50.8,-0.996917334,0.078459096,0
-167.6512028,5.169698813,-44.4,-0.996917334,0.078459096,0
-167.9022719,1.979563345,-47.6,-0.996917334,0.078459096,0
-167.6512028,5.169698813,-41.2,-0.996917334,0.078459096,0
-167.9022719,1.979563345,-44.4,-0.996917334,0.078459096,0
-167.9022719,1.979563345,-41.2,-0.996917334,0.078459096,0
-167.4001337,8.359834281,-28.4,-0.996917334,0.078459096,0
-167.6512028,5.169698813,-34.8,-0.996917334,0.078459096,0
-167.6512028,5.169698813,-28.4,-0.996917334,0.078459096,0
-167.6512028,5.169698813,-38,-0.996917334,0.078459096,0
-167.6512028,5.169698813,-31.6,-0.996917334,0.078459096,0
-167.9022719,1.979563345,-31.6,-0.996917334,0.078459096,0
-167.9022719,1.979563345,-28.4,-0.996917334,0.078459096,0
-167.4001337,8.359834281,-31.6,-0.996917334,0.078459096,0
-167.1490646,11.54996975,-31.6,-0.996917334,0.078459096,0
-167.4001337,8.359834281,-38,-0.996917334,0.078459096,0
-167.9022719,1.979563345,-34.8,-0.996917334,0.078459096,0
-167.4001337,8.359834281,-34.8,-0.996917334,0.078459096,0
-167.1490646,11.54996975,-28.4,-0.996917334,0.078459096,0
